"scientificName","vernacularName","decimalLatitude","decimalLongitude","eventDate","stateProvince","country"
"Phasianus colchicus","Pheasant",51.651951,-0.779991,926121600000,"England","United Kingdom"
"Phasianus colchicus","Pheasant",51.267216,-0.553692,1521072000000,"England","United Kingdom"
"Phasianus colchicus","Pheasant",51.767041,-0.276912,1638489600000,"England","United Kingdom"
"Phasianus colchicus","Pheasant",51.300918,-0.380494,1698192000000,"England","United Kingdom"
"Phasianus colchicus","Pheasant",51.728883,-0.133559,1646870400000,"England","United Kingdom"
"Phasianus colchicus","Pheasant",51.412404,-0.664152,1459382400000,"England","United Kingdom"
"Phasianus colchicus","Pheasant",51.465528,0.48917,1584403200000,"England","United Kingdom"
"Phasianus colchicus","Pheasant",51.832796,-0.165551,,"England","United Kingdom"
"Phasianus colchicus","Pheasant",51.894779,-0.104892,,"England","United Kingdom"
"Phasianus colchicus","Pheasant",51.317759,0.459633,1108684800000,"England","United Kingdom"
"Phasianus colchicus","Pheasant",51.765285,-0.161043,1396915200000,"England","United Kingdom"
"Phasianus colchicus","Pheasant",51.344232,-0.601523,1460246400000,"England","United Kingdom"
"Phasianus colchicus","Pheasant",51.785436,-0.305208,1338163200000,"England","United Kingdom"
"Phasianus colchicus","Pheasant",51.592829,-0.716612,1264636800000,"England","United Kingdom"
"Phasianus colchicus","Pheasant",51.300267,-0.043408,,"England","United Kingdom"
"Phasianus colchicus","Pheasant",51.747762,-0.190728,1306454400000,"England","United Kingdom"
"Phasianus colchicus","Pheasant",51.786257,-0.363172,1272412800000,"England","United Kingdom"
"Phasianus colchicus","Pheasant",51.729339,-0.162502,1289088000000,"England","United Kingdom"
"Phasianus colchicus","Pheasant",51.647382,-0.772886,,"England","United Kingdom"
"Phasianus colchicus","Pheasant",51.059019,-0.139219,1695340800000,"England","United Kingdom"
"Phasianus colchicus","Pheasant",51.700377,-0.68463,1270425600000,"England","United Kingdom"
"Phasianus colchicus","Pheasant",51.19266,-0.35567,1412467200000,"England","United Kingdom"
"Phasianus colchicus","Pheasant",51.799021,-0.31195,1239926400000,"England","United Kingdom"
"Phasianus colchicus","Pheasant",51.466007,-0.633794,1553212800000,"England","United Kingdom"
"Phasianus colchicus","Pheasant",51.692938,-0.135038,1270080000000,"England","United Kingdom"
"Phasianus colchicus","Pheasant",51.820216,0.051589,,"England","United Kingdom"
"Phasianus colchicus","Pheasant",51.279034,0.142095,,"England","United Kingdom"
"Phasianus colchicus","Pheasant",51.870496,-0.280224,1680393600000,"England","United Kingdom"
"Phasianus colchicus","Pheasant",51.81733,-0.042852,1160870400000,"England","United Kingdom"
"Phasianus colchicus","Pheasant",51.728883,-0.133559,1396051200000,"England","United Kingdom"
"Phasianus colchicus","Pheasant",51.248808,0.312649,1491004800000,"England","United Kingdom"
"Phasianus colchicus","Pheasant",51.66315,0.49999,1694649600000,"England","United Kingdom"
"Phasianus colchicus","Pheasant",51.762441,-0.269842,1458864000000,"England","United Kingdom"
"Phasianus colchicus","Pheasant",51.538534,0.211942,1250640000000,"England","United Kingdom"
"Phasianus colchicus","Pheasant",51.446947,0.516944,1240704000000,"England","United Kingdom"
"Phasianus colchicus","Pheasant",51.298409,-0.531196,1594512000000,"England","United Kingdom"
"Phasianus colchicus","Pheasant",51.64603,-0.303185,1211068800000,"England","United Kingdom"
"Phasianus colchicus","Pheasant",51.255094,-0.030995,1271808000000,"England","United Kingdom"
"Phasianus colchicus","Pheasant",51.412355,-0.31185,1394323200000,"England","United Kingdom"
"Phasianus colchicus","Pheasant",51.827725,-0.443095,1476230400000,"England","United Kingdom"
"Phasianus colchicus","Pheasant",51.809944,0.123657,,"England","United Kingdom"
"Phasianus colchicus","Pheasant",51.731093,-0.27828,1606608000000,"England","United Kingdom"
"Phasianus colchicus","Pheasant",51.621814,-0.506332,1138320000000,"England","United Kingdom"
"Phasianus colchicus","Pheasant",51.446947,0.516944,1290297600000,"England","United Kingdom"
"Phasianus colchicus","Pheasant",51.302076,-0.466525,1197158400000,"England","United Kingdom"
"Phasianus colchicus","Pheasant",51.697558,-0.453195,1208822400000,"England","United Kingdom"
"Phasianus colchicus","Pheasant",51.561129,-0.695865,1480723200000,"England","United Kingdom"
"Phasianus colchicus","Pheasant",51.28372,-0.438458,1291075200000,"England","United Kingdom"
"Phasianus colchicus","Pheasant",51.812957,-0.050296,1304985600000,"England","United Kingdom"
"Phasianus colchicus","Pheasant",51.279034,0.142095,,"England","United Kingdom"
"Phasianus colchicus","Pheasant",51.489253,0.202353,1541808000000,"England","United Kingdom"
"Phasianus colchicus","Pheasant",51.789614,-0.283302,1658620800000,"England","United Kingdom"
"Phasianus colchicus","Pheasant",51.470475,0.46784,1456963200000,"England","United Kingdom"
"Phasianus colchicus","Pheasant",51.206836,-0.40527,,"England","United Kingdom"
"Phasianus colchicus","Pheasant",51.630431,-0.477152,1337472000000,"England","United Kingdom"
"Phasianus colchicus","Pheasant",51.198683,0.109738,1461888000000,"England","United Kingdom"
"Phasianus colchicus","Pheasant",51.70596,0.154968,1277683200000,"England","United Kingdom"
"Phasianus colchicus","Pheasant",51.465528,0.48917,926035200000,"England","United Kingdom"
"Phasianus colchicus","Pheasant",51.220758,0.132228,1490140800000,"England","United Kingdom"
"Phasianus colchicus","Pheasant",51.299276,-0.265796,1684972800000,"England","United Kingdom"
"Phasianus colchicus","Pheasant",51.55979,-0.580495,1617062400000,"England","United Kingdom"
"Phasianus colchicus","Pheasant",51.283335,-0.409792,1243987200000,"England","United Kingdom"
"Phasianus colchicus","Pheasant",51.062939,-0.103383,1214697600000,"England","United Kingdom"
"Phasianus colchicus","Pheasant",51.819918,-0.528808,1051315200000,"England","United Kingdom"
"Phasianus colchicus","Pheasant",51.744253,-0.256052,1115424000000,"England","United Kingdom"
"Phasianus colchicus","Pheasant",51.217503,0.303919,1235779200000,"England","United Kingdom"
"Phasianus colchicus","Pheasant",51.0798,-0.323983,1682035200000,"England","United Kingdom"
"Phasianus colchicus","Pheasant",51.732333,-0.365121,1212624000000,"England","United Kingdom"
"Phasianus colchicus","Pheasant",51.292116,0.164219,1240617600000,"England","United Kingdom"
"Phasianus colchicus","Pheasant",51.851282,0.074782,1303948800000,"England","United Kingdom"
"Phasianus colchicus","Pheasant",51.412766,-0.340595,1153267200000,"England","United Kingdom"
"Phasianus colchicus","Pheasant",51.824918,-0.238427,1339286400000,"England","United Kingdom"
"Phasianus colchicus","Pheasant",51.287756,0.156843,1403481600000,"England","United Kingdom"
"Phasianus colchicus","Pheasant",51.201652,-0.061904,,"England","United Kingdom"
"Phasianus colchicus","Pheasant",51.715518,-0.141348,,"England","United Kingdom"
"Phasianus colchicus","Pheasant",51.877692,-0.476076,1682467200000,"England","United Kingdom"
"Phasianus colchicus","Pheasant",51.922121,0.13622,1335744000000,"England","United Kingdom"
"Phasianus colchicus","Pheasant",51.387391,-0.147488,1664928000000,"England","United Kingdom"
"Phasianus colchicus","Pheasant",51.731093,-0.27828,1251763200000,"England","United Kingdom"
"Phasianus colchicus","Pheasant",51.302796,-0.201107,1525564800000,"England","United Kingdom"
"Phasianus colchicus","Pheasant",51.678879,-0.099455,,"England","United Kingdom"
"Phasianus colchicus","Pheasant",51.77021,-0.508685,1212796800000,"England","United Kingdom"
"Phasianus colchicus","Pheasant",51.879055,-0.25084,,"England","United Kingdom"
"Phasianus colchicus","Pheasant",51.342454,0.116334,,"England","United Kingdom"
"Phasianus colchicus","Pheasant",51.677159,-0.620219,,"England","United Kingdom"
"Phasianus colchicus","Pheasant",51.214208,-0.290471,1212883200000,"England","United Kingdom"
"Phasianus colchicus","Pheasant",51.621814,-0.506332,1239926400000,"England","United Kingdom"
"Phasianus colchicus","Pheasant",51.94361,-0.06646,1215475200000,"England","United Kingdom"
"Phasianus colchicus","Pheasant",51.812323,-0.645108,1584316800000,"England","United Kingdom"
"Phasianus colchicus","Pheasant",51.194583,-0.49872,,"England","United Kingdom"
"Phasianus colchicus","Pheasant",51.767041,-0.276912,1425427200000,"England","United Kingdom"
"Phasianus colchicus","Pheasant",51.80256,-0.246551,1195344000000,"England","United Kingdom"
"Phasianus colchicus","Pheasant",51.5677,-0.493677,1558310400000,"England","United Kingdom"
"Phasianus colchicus","Pheasant",51.786257,-0.363172,1572307200000,"England","United Kingdom"
"Phasianus colchicus","Pheasant",51.554125,-0.486914,1539216000000,"England","United Kingdom"
"Phasianus colchicus","Pheasant",51.785436,-0.305208,1585872000000,"England","United Kingdom"
"Phasianus colchicus","Pheasant",51.475641,0.208898,1287964800000,"England","United Kingdom"
"Phasianus colchicus","Pheasant",51.552767,-0.753798,,"England","United Kingdom"
"Phasianus colchicus","Pheasant",51.790241,-0.326778,1490832000000,"England","United Kingdom"
"Phasianus colchicus","Pheasant",51.284461,0.328781,,"England","United Kingdom"
"Phasianus colchicus","Pheasant",51.466007,-0.633794,1402617600000,"England","United Kingdom"
"Phasianus colchicus","Pheasant",51.685453,-0.562103,,"England","United Kingdom"
"Phasianus colchicus","Pheasant",51.432222,-0.836201,1361059200000,"England","United Kingdom"
"Phasianus colchicus","Pheasant",51.099838,0.105234,1428710400000,"England","United Kingdom"
"Phasianus colchicus","Pheasant",51.347589,0.080669,1456444800000,"England","United Kingdom"
"Phasianus colchicus","Pheasant",51.214639,-0.669882,1604016000000,"England","United Kingdom"
"Phasianus colchicus","Pheasant",51.259731,0.212864,1443916800000,"England","United Kingdom"
"Phasianus colchicus","Pheasant",51.260269,0.184223,,"England","United Kingdom"
"Phasianus colchicus","Pheasant",51.785436,-0.305208,1530489600000,"England","United Kingdom"
"Phasianus colchicus","Pheasant",51.789825,-0.297794,1697760000000,"England","United Kingdom"
"Phasianus colchicus","Pheasant",51.216135,0.139174,1607817600000,"England","United Kingdom"
"Phasianus colchicus","Pheasant",51.731093,-0.27828,1018310400000,"England","United Kingdom"
"Phasianus colchicus","Pheasant",51.489253,0.202353,1676332800000,"England","United Kingdom"
"Phasianus colchicus","Pheasant",51.712691,-0.250028,1148169600000,"England","United Kingdom"
"Phasianus colchicus","Pheasant",51.068901,-0.195917,801964800000,"England","United Kingdom"
"Phasianus colchicus","Pheasant",51.341136,0.188065,1202515200000,"England","United Kingdom"
"Phasianus colchicus","Pheasant",51.253102,-0.50398,1506643200000,"England","United Kingdom"
"Phasianus colchicus","Pheasant",51.656631,-0.418446,1491350400000,"England","United Kingdom"
"Phasianus colchicus","Pheasant",51.6264,-0.513405,1256169600000,"England","United Kingdom"
"Phasianus colchicus","Pheasant",51.93319,-0.263282,1529452800000,"England","United Kingdom"
"Phasianus colchicus","Pheasant",51.694717,-0.250722,1601251200000,"England","United Kingdom"
"Phasianus colchicus","Pheasant",51.649522,0.506468,1295049600000,"England","United Kingdom"
"Phasianus colchicus","Pheasant",51.819654,-0.187849,1202428800000,"England","United Kingdom"
"Phasianus colchicus","Pheasant",51.250159,-0.289138,,"England","United Kingdom"
"Phasianus colchicus","Pheasant",51.735327,-0.596725,1277856000000,"England","United Kingdom"
"Phasianus colchicus","Pheasant",51.266122,-0.467722,1656460800000,"England","United Kingdom"
"Phasianus colchicus","Pheasant",51.645244,0.274951,1650758400000,"England","United Kingdom"
"Phasianus colchicus","Pheasant",51.731093,-0.27828,1300579200000,"England","United Kingdom"
"Phasianus colchicus","Pheasant",51.647954,0.130533,1256860800000,"England","United Kingdom"
"Phasianus colchicus","Pheasant",51.363989,-0.758928,1180828800000,"England","United Kingdom"
"Phasianus colchicus","Pheasant",51.777726,-0.095304,1360368000000,"England","United Kingdom"
"Phasianus colchicus","Pheasant",51.35459,0.418515,1600214400000,"England","United Kingdom"
"Phasianus colchicus","Pheasant",51.500368,0.325364,1657238400000,"England","United Kingdom"
"Phasianus colchicus","Pheasant",51.349234,-0.299811,1237075200000,"England","United Kingdom"
"Phasianus colchicus","Pheasant",51.599184,0.09215,1333670400000,"England","United Kingdom"
"Phasianus colchicus","Pheasant",51.772608,-0.711519,1175990400000,"England","United Kingdom"
"Phasianus colchicus","Pheasant",51.227202,-0.590751,835488000000,"England","United Kingdom"
"Phasianus colchicus","Pheasant",51.912079,-0.358601,1234742400000,"England","United Kingdom"
"Phasianus colchicus","Pheasant",51.233995,-0.418655,1052006400000,"England","United Kingdom"
"Phasianus colchicus","Pheasant",51.669487,0.182161,1433548800000,"England","United Kingdom"
"Phasianus colchicus","Pheasant",51.681769,-0.287384,1401062400000,"England","United Kingdom"
"Phasianus colchicus","Pheasant",51.81733,-0.042852,1099872000000,"England","United Kingdom"
"Phasianus colchicus","Pheasant",51.466735,0.431641,1651622400000,"England","United Kingdom"
"Phasianus colchicus","Pheasant",51.201652,-0.061904,,"England","United Kingdom"
"Phasianus colchicus","Pheasant",51.690444,0.262748,1555891200000,"England","United Kingdom"
"Phasianus colchicus","Pheasant",51.23027,0.340368,1214179200000,"England","United Kingdom"
"Phasianus colchicus","Pheasant",51.656631,-0.418446,1693958400000,"England","United Kingdom"
"Phasianus colchicus","Pheasant",51.283238,-0.101492,1612483200000,"England","United Kingdom"
"Phasianus colchicus","Pheasant",51.318059,0.445297,1495411200000,"England","United Kingdom"
"Phasianus colchicus","Pheasant",51.49361,0.209766,1378252800000,"England","United Kingdom"
"Phasianus colchicus","Pheasant",51.695415,-0.011942,1544140800000,"England","United Kingdom"
"Phasianus colchicus","Pheasant",51.470417,-0.626464,,"England","United Kingdom"
"Phasianus colchicus","Pheasant",51.455731,0.308699,1230940800000,"England","United Kingdom"
"Phasianus colchicus","Pheasant",51.216135,0.139174,1416096000000,"England","United Kingdom"
"Phasianus colchicus","Pheasant",51.412766,-0.340595,1493337600000,"England","United Kingdom"
"Phasianus colchicus","Pheasant",51.49361,0.209766,1297468800000,"England","United Kingdom"
"Phasianus colchicus","Pheasant",51.539607,0.15431,1109635200000,"England","United Kingdom"
"Phasianus colchicus","Pheasant",51.722906,0.438126,1283558400000,"England","United Kingdom"
"Phasianus colchicus","Pheasant",51.254511,-0.618576,,"England","United Kingdom"
"Phasianus colchicus","Pheasant",51.731093,-0.27828,1432512000000,"England","United Kingdom"
"Phasianus colchicus","Pheasant",51.621065,-0.448574,956361600000,"England","United Kingdom"
"Phasianus colchicus","Pheasant",51.328182,-0.774248,,"England","United Kingdom"
"Phasianus colchicus","Pheasant",51.697084,-0.113162,767059200000,"England","United Kingdom"
"Phasianus colchicus","Pheasant",51.201652,-0.061904,,"England","United Kingdom"
"Phasianus colchicus","Pheasant",51.785436,-0.305208,1209513600000,"England","United Kingdom"
"Phasianus colchicus","Pheasant",51.108566,0.119917,1544745600000,"England","United Kingdom"
"Phasianus colchicus","Pheasant",51.799021,-0.31195,1053993600000,"England","United Kingdom"
"Phasianus colchicus","Pheasant",51.590808,-0.543439,1240444800000,"England","United Kingdom"
"Phasianus colchicus","Pheasant",51.6518,-0.76554,1485820800000,"England","United Kingdom"
"Phasianus colchicus","Pheasant",51.200061,-0.577266,1144281600000,"England","United Kingdom"
"Phasianus colchicus","Pheasant",51.731093,-0.27828,1615420800000,"England","United Kingdom"
"Phasianus colchicus","Pheasant",51.411298,-0.239991,,"England","United Kingdom"
"Phasianus colchicus","Pheasant",51.080004,-0.338252,1139097600000,"England","United Kingdom"
"Phasianus colchicus","Pheasant",51.225952,-0.490539,1636329600000,"England","United Kingdom"
"Phasianus colchicus","Pheasant",51.25382,-0.561277,1573516800000,"England","United Kingdom"
"Phasianus colchicus","Pheasant",51.765735,-0.190009,1605225600000,"England","United Kingdom"
"Phasianus colchicus","Pheasant",51.067317,-0.096067,1082764800000,"England","United Kingdom"
"Phasianus colchicus","Pheasant",51.507223,0.20322,1457740800000,"England","United Kingdom"
"Phasianus colchicus","Pheasant",51.44769,-0.60556,1441584000000,"England","United Kingdom"
"Phasianus colchicus","Pheasant",51.21219,-0.469513,1209600000000,"England","United Kingdom"
"Phasianus colchicus","Pheasant",51.731093,-0.27828,1319328000000,"England","United Kingdom"
"Phasianus colchicus","Pheasant",51.278158,-0.065855,,"England","United Kingdom"
"Phasianus colchicus","Pheasant",51.341136,0.188065,1399161600000,"England","United Kingdom"
"Phasianus colchicus","Pheasant",51.391771,-0.140124,543628800000,"England","United Kingdom"
"Phasianus colchicus","Pheasant",51.302796,-0.201107,1324598400000,"England","United Kingdom"
"Phasianus colchicus","Pheasant",51.471284,0.201487,1409961600000,"England","United Kingdom"
"Phasianus colchicus","Pheasant",51.113445,0.098709,1197331200000,"England","United Kingdom"
"Phasianus colchicus","Pheasant",51.894779,-0.104892,,"England","United Kingdom"
"Phasianus colchicus","Pheasant",51.896593,-0.221091,1520899200000,"England","United Kingdom"
"Phasianus colchicus","Pheasant",51.096944,-0.266235,,"England","United Kingdom"
"Phasianus colchicus","Pheasant",51.782064,-0.385069,1556409600000,"England","United Kingdom"
"Phasianus colchicus","Pheasant",51.917271,-0.409304,1624406400000,"England","United Kingdom"
"Phasianus colchicus","Pheasant",51.716645,-0.5394,1312070400000,"England","United Kingdom"
"Phasianus colchicus","Pheasant",51.093094,-0.023603,1335225600000,"England","United Kingdom"
"Phasianus colchicus","Pheasant",51.216135,0.139174,1131062400000,"England","United Kingdom"
"Phasianus colchicus","Pheasant",51.897244,-0.264668,1423353600000,"England","United Kingdom"
"Phasianus colchicus","Pheasant",51.216402,-0.447895,1283558400000,"England","United Kingdom"
"Phasianus colchicus","Pheasant",51.815494,-0.209778,,"England","United Kingdom"
"Phasianus colchicus","Pheasant",51.651951,-0.779991,1271721600000,"England","United Kingdom"
"Phasianus colchicus","Pheasant",51.349087,-0.005428,1556150400000,"England","United Kingdom"
"Phasianus colchicus","Pheasant",51.789825,-0.297794,1579305600000,"England","United Kingdom"
"Phasianus colchicus","Pheasant",51.767462,-0.305882,1266364800000,"England","United Kingdom"
"Phasianus colchicus","Pheasant",51.49361,0.209766,1523059200000,"England","United Kingdom"
"Phasianus colchicus","Pheasant",51.380188,-0.600427,1588809600000,"England","United Kingdom"
"Phasianus colchicus","Pheasant",51.744253,-0.256052,1150588800000,"England","United Kingdom"
"Phasianus colchicus","Pheasant",51.692776,-0.431655,1526688000000,"England","United Kingdom"
"Phasianus colchicus","Pheasant",51.288119,-0.431138,1176336000000,"England","United Kingdom"
"Phasianus colchicus","Pheasant",51.670021,0.153261,1265414400000,"England","United Kingdom"
"Phasianus colchicus","Pheasant",51.241586,-0.318109,1638662400000,"England","United Kingdom"
"Phasianus colchicus","Pheasant",51.465528,0.48917,1441929600000,"England","United Kingdom"
"Phasianus colchicus","Pheasant",51.597559,-0.738135,1050883200000,"England","United Kingdom"
"Phasianus colchicus","Pheasant",51.19266,-0.35567,1359331200000,"England","United Kingdom"
"Phasianus colchicus","Pheasant",51.333727,0.101576,1022112000000,"England","United Kingdom"
"Phasianus colchicus","Pheasant",51.298228,-0.516858,1616457600000,"England","United Kingdom"
"Phasianus colchicus","Pheasant",51.77604,0.006096,1663977600000,"England","United Kingdom"
"Phasianus colchicus","Pheasant",51.896593,-0.221091,1392768000000,"England","United Kingdom"
"Phasianus colchicus","Pheasant",51.509065,0.340218,1590278400000,"England","United Kingdom"
"Phasianus colchicus","Pheasant",51.695169,0.002518,1269648000000,"England","United Kingdom"
"Phasianus colchicus","Pheasant",51.695415,-0.011942,770342400000,"England","United Kingdom"
"Phasianus colchicus","Pheasant",51.176752,-0.19171,,"England","United Kingdom"
"Phasianus colchicus","Pheasant",51.832796,-0.165551,,"England","United Kingdom"
"Phasianus colchicus","Pheasant",51.426349,-0.347295,1237852800000,"England","United Kingdom"
"Phasianus colchicus","Pheasant",51.302813,-0.523882,848793600000,"England","United Kingdom"
"Phasianus colchicus","Pheasant",51.235307,-0.518882,1481155200000,"England","United Kingdom"
"Phasianus colchicus","Pheasant",51.376116,-0.636472,1399248000000,"England","United Kingdom"
"Phasianus colchicus","Pheasant",51.678407,-0.070545,1602806400000,"England","United Kingdom"
"Phasianus colchicus","Pheasant",51.1794,0.180398,1180051200000,"England","United Kingdom"
"Phasianus colchicus","Pheasant",51.695415,-0.011942,880329600000,"England","United Kingdom"
"Phasianus colchicus","Pheasant",51.253102,-0.50398,1516320000000,"England","United Kingdom"
"Phasianus colchicus","Pheasant",51.154586,-0.535767,1550016000000,"England","United Kingdom"
"Phasianus colchicus","Pheasant",51.904676,0.106316,,"England","United Kingdom"
"Phasianus colchicus","Pheasant",51.298412,-0.20845,1200182400000,"England","United Kingdom"
"Phasianus colchicus","Pheasant",51.73548,-0.270872,1098748800000,"England","United Kingdom"
"Phasianus colchicus","Pheasant",51.646238,-0.317631,1186185600000,"England","United Kingdom"
"Phasianus colchicus","Pheasant",51.929228,-0.299797,1208822400000,"England","United Kingdom"
"Phasianus colchicus","Pheasant",51.832796,-0.165551,,"England","United Kingdom"
"Phasianus colchicus","Pheasant",51.767213,-0.631967,,"England","United Kingdom"
"Phasianus colchicus","Pheasant",51.242211,-0.067364,1265241600000,"England","United Kingdom"
"Phasianus colchicus","Pheasant",51.311783,-0.200755,1280016000000,"England","United Kingdom"
"Phasianus colchicus","Pheasant",51.825553,-0.622945,,"England","United Kingdom"
"Phasianus colchicus","Pheasant",51.767041,-0.276912,1183248000000,"England","United Kingdom"
"Phasianus colchicus","Pheasant",51.475641,0.208898,1339718400000,"England","United Kingdom"
"Phasianus colchicus","Pheasant",51.588256,-0.709523,,"England","United Kingdom"
"Phasianus colchicus","Pheasant",51.216778,-0.47652,1638403200000,"England","United Kingdom"
"Phasianus colchicus","Pheasant",51.904676,0.106316,,"England","United Kingdom"
"Phasianus colchicus","Pheasant",51.484353,0.223722,1667088000000,"England","United Kingdom"
"Phasianus colchicus","Pheasant",51.696383,-0.366417,1639180800000,"England","United Kingdom"
"Phasianus colchicus","Pheasant",51.781929,0.180334,992995200000,"England","United Kingdom"
"Phasianus colchicus","Pheasant",51.188267,-0.362981,1397088000000,"England","United Kingdom"
"Phasianus colchicus","Pheasant",51.539206,-0.746959,1484006400000,"England","United Kingdom"
"Phasianus colchicus","Pheasant",51.563824,0.299742,1537142400000,"England","United Kingdom"
"Phasianus colchicus","Pheasant",51.782064,-0.385069,1640131200000,"England","United Kingdom"
"Phasianus colchicus","Pheasant",51.690545,-0.272585,,"England","United Kingdom"
"Phasianus colchicus","Pheasant",51.475641,0.208898,1302048000000,"England","United Kingdom"
"Phasianus colchicus","Pheasant",51.373729,0.362047,,"England","United Kingdom"
"Phasianus colchicus","Pheasant",51.742352,0.366742,1460246400000,"England","United Kingdom"
"Phasianus colchicus","Pheasant",51.7741889185995,0.00657259814220586,,"England","United Kingdom"
"Phasianus colchicus","Pheasant",51.471284,0.201487,1507939200000,"England","United Kingdom"
"Phasianus colchicus","Pheasant",51.32803,0.07116086,1665878400000,"England","United Kingdom"
"Phasianus colchicus","Pheasant",51.339478,-0.580132,1194652800000,"England","United Kingdom"
"Phasianus colchicus","Pheasant",51.200234,-0.591574,1113091200000,"England","United Kingdom"
"Phasianus colchicus","Pheasant",51.777253,-0.066331,1171411200000,"England","United Kingdom"
"Phasianus colchicus","Pheasant",51.302796,-0.201107,1302480000000,"England","United Kingdom"
"Phasianus colchicus","Pheasant",51.273613,0.192024,1682812800000,"England","United Kingdom"
"Phasianus colchicus","Pheasant",51.191586,-0.620459,1586563200000,"England","United Kingdom"
"Phasianus colchicus","Pheasant",51.767041,-0.276912,1433635200000,"England","United Kingdom"
"Phasianus colchicus","Pheasant",51.206836,-0.40527,,"England","United Kingdom"
"Phasianus colchicus","Pheasant",51.322896,0.20155,1546387200000,"England","United Kingdom"
"Phasianus colchicus","Pheasant",51.588569,-0.738384,1420588800000,"England","United Kingdom"
"Phasianus colchicus","Pheasant",51.807237,0.268594,1337126400000,"England","United Kingdom"
"Phasianus colchicus","Pheasant",51.660323,0.420304,1684108800000,"England","United Kingdom"
"Phasianus colchicus","Pheasant",51.224706,-0.096741,1273190400000,"England","United Kingdom"
"Phasianus colchicus","Pheasant",51.326743,0.460113,1450051200000,"England","United Kingdom"
"Phasianus colchicus","Pheasant",51.470172,0.482223,1552780800000,"England","United Kingdom"
"Phasianus colchicus","Pheasant",51.66315,0.49999,1533340800000,"England","United Kingdom"
"Phasianus colchicus","Pheasant",51.820802,-0.601326,1113004800000,"England","United Kingdom"
"Phasianus colchicus","Pheasant",51.216135,0.139174,1283731200000,"England","United Kingdom"
"Phasianus colchicus","Pheasant",51.624052,-0.694062,1511481600000,"England","United Kingdom"
"Phasianus colchicus","Pheasant",51.807237,0.268594,1396224000000,"England","United Kingdom"
"Phasianus colchicus","Pheasant",51.299276,-0.265796,1584057600000,"England","United Kingdom"
"Phasianus colchicus","Pheasant",51.784586,-0.247248,1648339200000,"England","United Kingdom"
"Phasianus colchicus","Pheasant",51.909518,-0.184234,1531526400000,"England","United Kingdom"
"Phasianus colchicus","Pheasant",51.262809,-0.560996,1682726400000,"England","United Kingdom"
"Phasianus colchicus","Pheasant",51.484353,0.223722,1364083200000,"England","United Kingdom"
"Phasianus colchicus","Pheasant",51.846515,-0.498906,1430524800000,"England","United Kingdom"
"Phasianus colchicus","Pheasant",51.1997,0.052527,,"England","United Kingdom"
"Phasianus colchicus","Pheasant",51.338076,-0.156655,1622160000000,"England","United Kingdom"
"Phasianus colchicus","Pheasant",51.217864,-0.562398,1339200000000,"England","United Kingdom"
"Phasianus colchicus","Pheasant",51.692938,-0.135038,1327190400000,"England","United Kingdom"
"Phasianus colchicus","Pheasant",51.191586,-0.620459,1478649600000,"England","United Kingdom"
"Phasianus colchicus","Pheasant",51.588256,-0.709523,,"England","United Kingdom"
"Phasianus colchicus","Pheasant",51.273073,0.220673,1446249600000,"England","United Kingdom"
"Phasianus colchicus","Pheasant",51.448768,0.430686,1680652800000,"England","United Kingdom"
"Phasianus colchicus","Pheasant",51.554125,-0.486914,1514764800000,"England","United Kingdom"
"Phasianus colchicus","Pheasant",51.326434,0.251959,1295481600000,"England","United Kingdom"
"Phasianus colchicus","Pheasant",51.198393,0.360223,1470009600000,"England","United Kingdom"
"Phasianus colchicus","Pheasant",51.446632,-0.51925,1085961600000,"England","United Kingdom"
"Phasianus colchicus","Pheasant",51.865038,-0.54186,1435190400000,"England","United Kingdom"
"Phasianus colchicus","Pheasant",51.7836,-0.500995,1114041600000,"England","United Kingdom"
"Phasianus colchicus","Pheasant",51.067317,-0.096067,1396051200000,"England","United Kingdom"
"Phasianus colchicus","Pheasant",51.267925,-0.274143,1129420800000,"England","United Kingdom"
"Phasianus colchicus","Pheasant",51.711366,-0.16323,1270080000000,"England","United Kingdom"
"Phasianus colchicus","Pheasant",51.35638,-0.493437,1588896000000,"England","United Kingdom"
"Phasianus colchicus","Pheasant",51.727472,-0.046736,,"England","United Kingdom"
"Phasianus colchicus","Pheasant",51.181553,-0.534912,,"England","United Kingdom"
"Phasianus colchicus","Pheasant",51.200061,-0.577266,1576368000000,"England","United Kingdom"
"Phasianus colchicus","Pheasant",51.712691,-0.250028,1655769600000,"England","United Kingdom"
"Phasianus colchicus","Pheasant",51.446632,-0.51925,1358640000000,"England","United Kingdom"
"Phasianus colchicus","Pheasant",51.784586,-0.247248,1671235200000,"England","United Kingdom"
"Phasianus colchicus","Pheasant",51.712691,-0.250028,1290902400000,"England","United Kingdom"
"Phasianus colchicus","Pheasant",51.407965,-0.319201,1355097600000,"England","United Kingdom"
"Phasianus colchicus","Pheasant",51.42275,-0.412149,1462060800000,"England","United Kingdom"
"Phasianus colchicus","Pheasant",51.191416,-0.606153,1509062400000,"England","United Kingdom"
"Phasianus colchicus","Pheasant",51.230903,-0.526184,1150588800000,"England","United Kingdom"
"Phasianus colchicus","Pheasant",51.651951,-0.779991,1396137600000,"England","United Kingdom"
"Phasianus colchicus","Pheasant",51.214639,-0.669882,1626307200000,"England","United Kingdom"
"Phasianus colchicus","Pheasant",51.696383,-0.366417,1207958400000,"England","United Kingdom"
"Phasianus colchicus","Pheasant",51.466135,0.460406,1244073600000,"England","United Kingdom"
"Phasianus colchicus","Pheasant",51.273073,0.220673,,"England","United Kingdom"
"Phasianus colchicus","Pheasant",51.216778,-0.47652,1609372800000,"England","United Kingdom"
"Phasianus colchicus","Pheasant",51.257508,0.327418,1529539200000,"England","United Kingdom"
"Phasianus colchicus","Pheasant",51.45277,0.229384,1432684800000,"England","United Kingdom"
"Phasianus colchicus","Pheasant",51.821799,-0.332864,1208131200000,"England","United Kingdom"
"Phasianus colchicus","Pheasant",51.656631,-0.418446,1485907200000,"England","United Kingdom"
"Phasianus colchicus","Pheasant",51.721749,0.271551,1411948800000,"England","United Kingdom"
"Phasianus colchicus","Pheasant",51.904152,0.135367,1323302400000,"England","United Kingdom"
"Phasianus colchicus","Pheasant",51.924204,-0.263629,1428451200000,"England","United Kingdom"
"Phasianus colchicus","Pheasant",51.257508,0.327418,1311638400000,"England","United Kingdom"
"Phasianus colchicus","Pheasant",51.685804,-0.591024,,"England","United Kingdom"
"Phasianus colchicus","Pheasant",51.711815,-0.192162,1668211200000,"England","United Kingdom"
"Phasianus colchicus","Pheasant",51.45933,0.568013,1403136000000,"England","United Kingdom"
"Phasianus colchicus","Pheasant",51.873663,-0.512529,1238544000000,"England","United Kingdom"
"Phasianus colchicus","Pheasant",51.928804,-0.270724,1394236800000,"England","United Kingdom"
"Phasianus colchicus","Pheasant",51.300918,-0.380494,1274572800000,"England","United Kingdom"
"Phasianus colchicus","Pheasant",51.241791,-0.332429,,"England","United Kingdom"
"Phasianus colchicus","Pheasant",51.919806,0.012499,1478822400000,"England","United Kingdom"
"Phasianus colchicus","Pheasant",51.713622,0.452103,1111536000000,"England","United Kingdom"
"Phasianus colchicus","Pheasant",51.448168,0.45944,1455926400000,"England","United Kingdom"
"Phasianus colchicus","Pheasant",51.421956,-0.354645,1588636800000,"England","United Kingdom"
"Phasianus colchicus","Pheasant",51.669421,-0.070927,1700179200000,"England","United Kingdom"
"Phasianus colchicus","Pheasant",51.786657,-0.392155,1295827200000,"England","United Kingdom"
"Phasianus colchicus","Pheasant",51.466007,-0.633794,1566345600000,"England","United Kingdom"
"Phasianus colchicus","Pheasant",51.335726,0.460594,1619568000000,"England","United Kingdom"
"Phasianus colchicus","Pheasant",51.490726,-0.841914,1336780800000,"England","United Kingdom"
"Phasianus colchicus","Pheasant",51.300918,-0.380494,1549929600000,"England","United Kingdom"
"Phasianus colchicus","Pheasant",51.475641,0.208898,1312934400000,"England","United Kingdom"
"Phasianus colchicus","Pheasant",51.273073,0.220673,1128643200000,"England","United Kingdom"
"Phasianus colchicus","Pheasant",51.332946,0.144608,,"England","United Kingdom"
"Phasianus colchicus","Pheasant",51.501963,-0.63272,1546560000000,"England","United Kingdom"
"Phasianus colchicus","Pheasant",51.554125,-0.486914,1360022400000,"England","United Kingdom"
"Phasianus colchicus","Pheasant",51.660028,-0.338808,1199577600000,"England","United Kingdom"
"Phasianus colchicus","Pheasant",51.185916,0.309499,,"England","United Kingdom"
"Phasianus colchicus","Pheasant",51.452509,0.46687,1487721600000,"England","United Kingdom"
"Phasianus colchicus","Pheasant",51.798872,-0.014645,1650326400000,"England","United Kingdom"
"Phasianus colchicus","Pheasant",51.853273,-0.041293,1214352000000,"England","United Kingdom"
"Phasianus colchicus","Pheasant",51.078756,-0.252639,1556064000000,"England","United Kingdom"
"Phasianus colchicus","Pheasant",51.816575,-0.282278,1018051200000,"England","United Kingdom"
"Phasianus colchicus","Pheasant",51.770931,-0.566635,1311811200000,"England","United Kingdom"
"Phasianus colchicus","Pheasant",51.794257,-0.007597,1422144000000,"England","United Kingdom"
"Phasianus colchicus","Pheasant",51.493859,-0.352058,1654387200000,"England","United Kingdom"
"Phasianus colchicus","Pheasant",51.164154,0.272652,1331856000000,"England","United Kingdom"
"Phasianus colchicus","Pheasant",51.679582,-0.453807,1421884800000,"England","United Kingdom"
"Phasianus colchicus","Pheasant",51.404442,-0.089288,1231459200000,"England","United Kingdom"
"Phasianus colchicus","Pheasant",51.648219,-0.462102,1364688000000,"England","United Kingdom"
"Phasianus colchicus","Pheasant",51.074389,0.018426,1681171200000,"England","United Kingdom"
"Phasianus colchicus","Pheasant",51.742352,0.366742,1351900800000,"England","United Kingdom"
"Phasianus colchicus","Pheasant",51.645783,-0.628398,1198022400000,"England","United Kingdom"
"Phasianus colchicus","Pheasant",51.315653,-0.473248,1679443200000,"England","United Kingdom"
"Phasianus colchicus","Pheasant",51.879055,-0.25084,,"England","United Kingdom"
"Phasianus colchicus","Pheasant",51.062473,-0.074859,1209600000000,"England","United Kingdom"
"Phasianus colchicus","Pheasant",51.126515,-0.45091,861753600000,"England","United Kingdom"
"Phasianus colchicus","Pheasant",51.216135,0.139174,1121990400000,"England","United Kingdom"
"Phasianus colchicus","Pheasant",51.785759,-0.03697,,"England","United Kingdom"
"Phasianus colchicus","Pheasant",51.125547,-0.37949,928108800000,"England","United Kingdom"
"Phasianus colchicus","Pheasant",51.253102,-0.50398,1578614400000,"England","United Kingdom"
"Phasianus colchicus","Pheasant",51.718225,0.220701,1167868800000,"England","United Kingdom"
"Phasianus colchicus","Pheasant",51.832569,-0.151046,,"England","United Kingdom"
"Phasianus colchicus","Pheasant",51.541638,-0.56664,,"England","United Kingdom"
"Phasianus colchicus","Pheasant",51.62783,0.469147,1175817600000,"England","United Kingdom"
"Phasianus colchicus","Pheasant",51.216135,0.139174,1201737600000,"England","United Kingdom"
"Phasianus colchicus","Pheasant",51.905701,0.048213,1694649600000,"England","United Kingdom"
"Phasianus colchicus","Pheasant",51.689549,0.067377,1301702400000,"England","United Kingdom"
"Phasianus colchicus","Pheasant",51.220758,0.132228,1678579200000,"England","United Kingdom"
"Phasianus colchicus","Pheasant",51.621814,-0.506332,1493424000000,"England","United Kingdom"
"Phasianus colchicus","Pheasant",51.667477,-0.562672,,"England","United Kingdom"
"Phasianus colchicus","Pheasant",51.25382,-0.561277,1521676800000,"England","United Kingdom"
"Phasianus colchicus","Pheasant",51.869191,-0.193121,,"England","United Kingdom"
"Phasianus colchicus","Pheasant",51.412235,0.457511,1298505600000,"England","United Kingdom"
"Phasianus colchicus","Pheasant",51.135297,-0.129007,1199577600000,"England","United Kingdom"
"Phasianus colchicus","Pheasant",51.25382,-0.561277,1120003200000,"England","United Kingdom"
"Phasianus colchicus","Pheasant",51.785436,-0.305208,1534204800000,"England","United Kingdom"
"Phasianus colchicus","Pheasant",51.188267,-0.362981,1389312000000,"England","United Kingdom"
"Phasianus colchicus","Pheasant",51.637612,-0.0506,,"England","United Kingdom"
"Phasianus colchicus","Pheasant",51.777253,-0.066331,1345420800000,"England","United Kingdom"
"Phasianus colchicus","Pheasant",51.713386,-0.011154,1233446400000,"England","United Kingdom"
"Phasianus colchicus","Pheasant",51.26652,0.01706384,1647734400000,"England","United Kingdom"
"Phasianus colchicus","Pheasant",51.294675,-0.258797,1624233600000,"England","United Kingdom"
"Phasianus colchicus","Pheasant",51.216135,0.139174,1118707200000,"England","United Kingdom"
"Phasianus colchicus","Pheasant",51.731093,-0.27828,1113177600000,"England","United Kingdom"
"Phasianus colchicus","Pheasant",51.561803,0.400639,1464220800000,"England","United Kingdom"
"Phasianus colchicus","Pheasant",51.279034,0.142095,,"England","United Kingdom"
"Phasianus colchicus","Pheasant",51.294461,-0.244462,1396742400000,"England","United Kingdom"
"Phasianus colchicus","Pheasant",51.466135,0.460406,1444780800000,"England","United Kingdom"
"Phasianus colchicus","Pheasant",51.302813,-0.523882,986515200000,"England","United Kingdom"
"Phasianus colchicus","Pheasant",51.217503,0.303919,1258761600000,"England","United Kingdom"
"Phasianus colchicus","Pheasant",51.191586,-0.620459,1643846400000,"England","United Kingdom"
"Phasianus colchicus","Pheasant",51.449616,-0.778195,1272240000000,"England","United Kingdom"
"Phasianus colchicus","Pheasant",51.902572,-0.031881,,"England","United Kingdom"
"Phasianus colchicus","Pheasant",51.77206,-0.312957,1081468800000,"England","United Kingdom"
"Phasianus colchicus","Pheasant",51.621814,-0.506332,1174348800000,"England","United Kingdom"
"Phasianus colchicus","Pheasant",51.731093,-0.27828,1048118400000,"England","United Kingdom"
"Phasianus colchicus","Pheasant",51.765285,-0.161043,1022025600000,"England","United Kingdom"
"Phasianus colchicus","Pheasant",51.209898,-0.648544,,"England","United Kingdom"
"Phasianus colchicus","Pheasant",51.273073,0.220673,1438387200000,"England","United Kingdom"
"Phasianus colchicus","Pheasant",51.198042,-0.419887,1413936000000,"England","United Kingdom"
"Phasianus colchicus","Pheasant",51.279322,-0.445776,,"England","United Kingdom"
"Phasianus colchicus","Pheasant",51.236636,-0.003132,1594339200000,"England","United Kingdom"
"Phasianus colchicus","Pheasant",51.655606,0.20318,803174400000,"England","United Kingdom"
"Phasianus colchicus","Pheasant",51.358012,-0.285123,1516492800000,"England","United Kingdom"
"Phasianus colchicus","Pheasant",51.279034,0.142095,,"England","United Kingdom"
"Phasianus colchicus","Pheasant",51.28061,-0.546102,1366416000000,"England","United Kingdom"
"Phasianus colchicus","Pheasant",51.794257,-0.007597,1401753600000,"England","United Kingdom"
"Phasianus colchicus","Pheasant",51.736726,-0.357721,,"England","United Kingdom"
"Phasianus colchicus","Pheasant",51.66315,0.49999,1540339200000,"England","United Kingdom"
"Phasianus colchicus","Pheasant",51.427733,0.573434,1453939200000,"England","United Kingdom"
"Phasianus colchicus","Pheasant",51.329105,0.108542,1212796800000,"England","United Kingdom"
"Phasianus colchicus","Pheasant",51.187332,-0.012419,1260576000000,"England","United Kingdom"
"Phasianus colchicus","Pheasant",51.299276,-0.265796,1695772800000,"England","United Kingdom"
"Phasianus colchicus","Pheasant",51.488709,0.231137,1429401600000,"England","United Kingdom"
"Phasianus colchicus","Pheasant",51.399357,-0.053559,1431561600000,"England","United Kingdom"
"Phasianus colchicus","Pheasant",51.650361,-0.635487,1514332800000,"England","United Kingdom"
"Phasianus colchicus","Pheasant",51.225767,-0.476223,1607385600000,"England","United Kingdom"
"Phasianus colchicus","Pheasant",51.078009,0.068551,1194048000000,"England","United Kingdom"
"Phasianus colchicus","Pheasant",51.667999,-0.606037,1144713600000,"England","United Kingdom"
"Phasianus colchicus","Pheasant",51.550712,0.501031,1367798400000,"England","United Kingdom"
"Phasianus colchicus","Pheasant",51.466656,0.208464,1655251200000,"England","United Kingdom"
"Phasianus colchicus","Pheasant",51.844776,-0.368309,1420502400000,"England","United Kingdom"
"Phasianus colchicus","Pheasant",51.809944,0.123657,,"England","United Kingdom"
"Phasianus colchicus","Pheasant",51.179477,-0.3776,957571200000,"England","United Kingdom"
"Phasianus colchicus","Pheasant",51.429367,-0.577348,1546473600000,"England","United Kingdom"
"Phasianus colchicus","Pheasant",51.715518,-0.141348,,"England","United Kingdom"
"Phasianus colchicus","Pheasant",51.812323,-0.645108,1623196800000,"England","United Kingdom"
"Phasianus colchicus","Pheasant",51.354662,-0.069816,1521936000000,"England","United Kingdom"
"Phasianus colchicus","Pheasant",51.747312,-0.161773,1513900800000,"England","United Kingdom"
"Phasianus colchicus","Pheasant",51.359418,-0.75187,1651795200000,"England","United Kingdom"
"Phasianus colchicus","Pheasant",51.647382,-0.772886,,"England","United Kingdom"
"Phasianus colchicus","Pheasant",51.897244,-0.264668,1388707200000,"England","United Kingdom"
"Phasianus colchicus","Pheasant",51.6518,-0.76554,1461456000000,"England","United Kingdom"
"Phasianus colchicus","Pheasant",51.905701,0.048213,1620950400000,"England","United Kingdom"
"Phasianus colchicus","Pheasant",51.101118,-0.244654,1307836800000,"England","United Kingdom"
"Phasianus colchicus","Pheasant",51.359418,-0.75187,1617062400000,"England","United Kingdom"
"Phasianus colchicus","Pheasant",51.763893,-0.074148,1240531200000,"England","United Kingdom"
"Phasianus colchicus","Pheasant",51.631699,-0.578252,1397692800000,"England","United Kingdom"
"Phasianus colchicus","Pheasant",51.253102,-0.50398,1527379200000,"England","United Kingdom"
"Phasianus colchicus","Pheasant",51.394867,0.427827,1587686400000,"England","United Kingdom"
"Phasianus colchicus","Pheasant",51.777253,-0.066331,1160352000000,"England","United Kingdom"
"Phasianus colchicus","Pheasant",51.712257,-0.221095,1488672000000,"England","United Kingdom"
"Phasianus colchicus","Pheasant",51.429367,-0.577348,1463097600000,"England","United Kingdom"
"Phasianus colchicus","Pheasant",51.273073,0.220673,1487376000000,"England","United Kingdom"
"Phasianus colchicus","Pheasant",51.765285,-0.161043,1506816000000,"England","United Kingdom"
"Phasianus colchicus","Pheasant",51.211143,0.396671,,"England","United Kingdom"
"Phasianus colchicus","Pheasant",51.151637,0.221988,1573257600000,"England","United Kingdom"
"Phasianus colchicus","Pheasant",51.460024,-0.511619,1524182400000,"England","United Kingdom"
"Phasianus colchicus","Pheasant",51.286225,-0.639135,1397952000000,"England","United Kingdom"
"Phasianus colchicus","Pheasant",51.263595,-0.001964,,"England","United Kingdom"
"Phasianus colchicus","Pheasant",51.401542,0.320347,1405382400000,"England","United Kingdom"
"Phasianus colchicus","Pheasant",51.391771,-0.140124,461116800000,"England","United Kingdom"
"Phasianus colchicus","Pheasant",51.731093,-0.27828,1444694400000,"England","United Kingdom"
"Phasianus colchicus","Pheasant",51.224237,-0.068117,1302912000000,"England","United Kingdom"
"Phasianus colchicus","Pheasant",51.191586,-0.620459,1703980800000,"England","United Kingdom"
"Phasianus colchicus","Pheasant",51.206836,-0.40527,,"England","United Kingdom"
"Phasianus colchicus","Pheasant",51.344226,0.0159,1556582400000,"England","United Kingdom"
"Phasianus colchicus","Pheasant",51.25382,-0.561277,1529798400000,"England","United Kingdom"
"Phasianus colchicus","Pheasant",51.298228,-0.516858,1579392000000,"England","United Kingdom"
"Phasianus colchicus","Pheasant",51.306287,-0.444865,896486400000,"England","United Kingdom"
"Phasianus colchicus","Pheasant",51.25382,-0.561277,1585958400000,"England","United Kingdom"
"Phasianus colchicus","Pheasant",51.430382,-0.663627,1303171200000,"England","United Kingdom"
"Phasianus colchicus","Pheasant",51.630618,-0.491594,1579132800000,"England","United Kingdom"
"Phasianus colchicus","Pheasant",51.488709,0.231137,1567641600000,"England","United Kingdom"
"Phasianus colchicus","Pheasant",51.302796,-0.201107,1349740800000,"England","United Kingdom"
"Phasianus colchicus","Pheasant",51.621814,-0.506332,1148256000000,"England","United Kingdom"
"Phasianus colchicus","Pheasant",51.142106,0.250124,1619654400000,"England","United Kingdom"
"Phasianus colchicus","Pheasant",51.315653,-0.473248,,"England","United Kingdom"
"Phasianus colchicus","Pheasant",51.660637,-0.750842,1573603200000,"England","United Kingdom"
"Phasianus colchicus","Pheasant",51.759519,-0.08158,1698451200000,"England","United Kingdom"
"Phasianus colchicus","Pheasant",51.300918,-0.380494,1414281600000,"England","United Kingdom"
"Phasianus colchicus","Pheasant",51.765285,-0.161043,1231286400000,"England","United Kingdom"
"Phasianus colchicus","Pheasant",51.626031,-0.484523,1559779200000,"England","United Kingdom"
"Phasianus colchicus","Pheasant",51.77604,0.006096,1223683200000,"England","United Kingdom"
"Phasianus colchicus","Pheasant",51.273073,0.220673,1288742400000,"England","United Kingdom"
"Phasianus colchicus","Pheasant",51.903621,0.164416,1325894400000,"England","United Kingdom"
"Phasianus colchicus","Pheasant",51.859755,-0.164454,,"England","United Kingdom"
"Phasianus colchicus","Pheasant",51.29128,-0.04379,,"England","United Kingdom"
"Phasianus colchicus","Pheasant",51.244881,0.040209,1396137600000,"England","United Kingdom"
"Phasianus colchicus","Pheasant",51.1703717445729,0.319700419993868,,"England","United Kingdom"
"Phasianus colchicus","Pheasant",51.677159,-0.620219,1020297600000,"England","United Kingdom"
"Phasianus colchicus","Pheasant",51.327043,0.445775,1459641600000,"England","United Kingdom"
"Phasianus colchicus","Pheasant",51.412766,-0.340595,1497657600000,"England","United Kingdom"
"Phasianus colchicus","Pheasant",51.623562,-0.650737,1441411200000,"England","United Kingdom"
"Phasianus colchicus","Pheasant",51.727753,0.192206,1481846400000,"England","United Kingdom"
"Phasianus colchicus","Pheasant",51.370936,0.031441,1241136000000,"England","United Kingdom"
"Phasianus colchicus","Pheasant",51.66315,0.49999,-274665600000,"England","United Kingdom"
"Phasianus colchicus","Pheasant",51.455447,0.32308,1641081600000,"England","United Kingdom"
"Phasianus colchicus","Pheasant",51.821312,-0.644838,1396310400000,"England","United Kingdom"
"Phasianus colchicus","Pheasant",51.238204,0.161688,1618099200000,"England","United Kingdom"
"Phasianus colchicus","Pheasant",51.712691,-0.250028,1607731200000,"England","United Kingdom"
"Phasianus colchicus","Pheasant",51.200061,-0.577266,1642723200000,"England","United Kingdom"
"Phasianus colchicus","Pheasant",51.715518,-0.141348,,"England","United Kingdom"
"Phasianus colchicus","Pheasant",51.882466,-0.497709,1524096000000,"England","United Kingdom"
"Phasianus colchicus","Pheasant",51.471284,0.201487,1460592000000,"England","United Kingdom"
"Phasianus colchicus","Pheasant",51.540098,-0.833452,1518393600000,"England","United Kingdom"
"Phasianus colchicus","Pheasant",51.288687,-0.474142,1428796800000,"England","United Kingdom"
"Phasianus colchicus","Pheasant",51.396106,0.133185,1491696000000,"England","United Kingdom"
"Phasianus colchicus","Pheasant",51.455417,0.085569,,"England","United Kingdom"
"Phasianus colchicus","Pheasant",51.789402,-0.268811,1649635200000,"England","United Kingdom"
"Phasianus colchicus","Pheasant",51.466007,-0.633794,1363651200000,"England","United Kingdom"
"Phasianus colchicus","Pheasant",51.289599,-0.545818,1633651200000,"England","United Kingdom"
"Phasianus colchicus","Pheasant",51.395193,-0.36998,1024272000000,"England","United Kingdom"
"Phasianus colchicus","Pheasant",51.446947,0.516944,1125360000000,"England","United Kingdom"
"Phasianus colchicus","Pheasant",51.19266,-0.35567,1390176000000,"England","United Kingdom"
"Phasianus colchicus","Pheasant",51.642357,0.419347,1495238400000,"England","United Kingdom"
"Phasianus colchicus","Pheasant",51.242211,-0.067364,1202256000000,"England","United Kingdom"
"Phasianus colchicus","Pheasant",51.413814,0.14839,1673308800000,"England","United Kingdom"
"Phasianus colchicus","Pheasant",51.283335,-0.409792,1367798400000,"England","United Kingdom"
"Phasianus colchicus","Pheasant",51.853357,-0.338958,1603584000000,"England","United Kingdom"
"Phasianus colchicus","Pheasant",51.380343,0.254604,1343347200000,"England","United Kingdom"
"Phasianus colchicus","Pheasant",51.267216,-0.553692,1481587200000,"England","United Kingdom"
"Phasianus colchicus","Pheasant",51.821799,-0.332864,,"England","United Kingdom"
"Phasianus colchicus","Pheasant",51.324997,0.086823,1690243200000,"England","United Kingdom"
"Phasianus colchicus","Pheasant",51.35638,-0.493437,1641168000000,"England","United Kingdom"
"Phasianus colchicus","Pheasant",51.170415,0.179974,1510963200000,"England","United Kingdom"
"Phasianus colchicus","Pheasant",51.691381,-0.330426,1593129600000,"England","United Kingdom"
"Phasianus colchicus","Pheasant",51.821144,-0.630334,1492646400000,"England","United Kingdom"
"Phasianus colchicus","Pheasant",51.475641,0.208898,1330473600000,"England","United Kingdom"
"Phasianus colchicus","Pheasant",51.062939,-0.103383,1196035200000,"England","United Kingdom"
"Phasianus colchicus","Pheasant",51.181553,-0.534912,,"England","United Kingdom"
"Phasianus colchicus","Pheasant",51.446947,0.516944,1243123200000,"England","United Kingdom"
"Phasianus colchicus","Pheasant",51.503666,0.152614,1145145600000,"England","United Kingdom"
"Phasianus colchicus","Pheasant",51.248524,0.326964,1211068800000,"England","United Kingdom"
"Phasianus colchicus","Pheasant",51.074634,0.004161,1403395200000,"England","United Kingdom"
"Phasianus colchicus","Pheasant",51.220758,0.132228,1667433600000,"England","United Kingdom"
"Phasianus colchicus","Pheasant",51.329105,0.108542,1491782400000,"England","United Kingdom"
"Phasianus colchicus","Pheasant",51.248524,0.326964,1202601600000,"England","United Kingdom"
"Phasianus colchicus","Pheasant",51.239759,0.0758,1591056000000,"England","United Kingdom"
"Phasianus colchicus","Pheasant",51.28372,-0.438458,1338076800000,"England","United Kingdom"
"Phasianus colchicus","Pheasant",51.814827,0.102124,1306022400000,"England","United Kingdom"
"Phasianus colchicus","Pheasant",51.694717,-0.250722,1699228800000,"England","United Kingdom"
"Phasianus colchicus","Pheasant",51.806162,-0.507499,1201910400000,"England","United Kingdom"
"Phasianus colchicus","Pheasant",51.26335,0.012359,,"England","United Kingdom"
"Phasianus colchicus","Pheasant",51.289561,0.056532,,"England","United Kingdom"
"Phasianus colchicus","Pheasant",51.256966,-0.14557,1174089600000,"England","United Kingdom"
"Phasianus colchicus","Pheasant",51.786657,-0.392155,1312070400000,"England","United Kingdom"
"Phasianus colchicus","Pheasant",51.77604,0.006096,1458518400000,"England","United Kingdom"
"Phasianus colchicus","Pheasant",51.522119,-0.833911,1259366400000,"England","United Kingdom"
"Phasianus colchicus","Pheasant",51.216135,0.139174,1513900800000,"England","United Kingdom"
"Phasianus colchicus","Pheasant",51.540098,-0.833452,1209168000000,"England","United Kingdom"
"Phasianus colchicus","Pheasant",51.568604,-0.565792,1682899200000,"England","United Kingdom"
"Phasianus colchicus","Pheasant",51.246586,-0.060016,,"England","United Kingdom"
"Phasianus colchicus","Pheasant",51.408374,-0.347944,1211587200000,"England","United Kingdom"
"Phasianus colchicus","Pheasant",51.332417,0.173294,1552262400000,"England","United Kingdom"
"Phasianus colchicus","Pheasant",51.233208,-0.361387,1136160000000,"England","United Kingdom"
"Phasianus colchicus","Pheasant",51.143191,0.192988,1681776000000,"England","United Kingdom"
"Phasianus colchicus","Pheasant",51.684546,-0.489803,,"England","United Kingdom"
"Phasianus colchicus","Pheasant",51.32227,-0.300808,862704000000,"England","United Kingdom"
"Phasianus colchicus","Pheasant",51.0798,-0.323983,1493164800000,"England","United Kingdom"
"Phasianus colchicus","Pheasant",51.843186,-0.593374,1647129600000,"England","United Kingdom"
"Phasianus colchicus","Pheasant",51.712691,-0.250028,1498953600000,"England","United Kingdom"
"Phasianus colchicus","Pheasant",51.241791,-0.332429,,"England","United Kingdom"
"Phasianus colchicus","Pheasant",51.300918,-0.380494,1491609600000,"England","United Kingdom"
"Phasianus colchicus","Pheasant",51.853357,-0.338958,1650931200000,"England","United Kingdom"
"Phasianus colchicus","Pheasant",51.349234,-0.299811,1493510400000,"England","United Kingdom"
"Phasianus colchicus","Pheasant",51.302796,-0.201107,1305936000000,"England","United Kingdom"
"Phasianus colchicus","Pheasant",51.907073,-0.32244,1590019200000,"England","United Kingdom"
"Phasianus colchicus","Pheasant",51.446632,-0.51925,1559952000000,"England","United Kingdom"
"Phasianus colchicus","Pheasant",51.267216,-0.553692,1458950400000,"England","United Kingdom"
"Phasianus colchicus","Pheasant",51.49361,0.209766,1552780800000,"England","United Kingdom"
"Phasianus colchicus","Pheasant",51.873121,-0.156647,1212105600000,"England","United Kingdom"
"Phasianus colchicus","Pheasant",51.298412,-0.20845,1365724800000,"England","United Kingdom"
"Phasianus colchicus","Pheasant",51.794257,-0.007597,1492560000000,"England","United Kingdom"
"Phasianus colchicus","Pheasant",51.298409,-0.531196,1578787200000,"England","United Kingdom"
"Phasianus colchicus","Pheasant",51.191586,-0.620459,1642723200000,"England","United Kingdom"
"Phasianus colchicus","Pheasant",51.189697,0.109327,1441670400000,"England","United Kingdom"
"Phasianus colchicus","Pheasant",51.82619,-0.325446,1339200000000,"England","United Kingdom"
"Phasianus colchicus","Pheasant",51.31895,0.402288,,"England","United Kingdom"
"Phasianus colchicus","Pheasant",51.216395,0.124867,1463529600000,"England","United Kingdom"
"Phasianus colchicus","Pheasant",51.709561,-0.344231,1445731200000,"England","United Kingdom"
"Phasianus colchicus","Pheasant",51.24888,-0.52561,1669593600000,"England","United Kingdom"
"Phasianus colchicus","Pheasant",51.24032,-0.232198,,"England","United Kingdom"
"Phasianus colchicus","Pheasant",51.522397,0.34811,1257811200000,"England","United Kingdom"
"Phasianus colchicus","Pheasant",51.395193,-0.36998,1570665600000,"England","United Kingdom"
"Phasianus colchicus","Pheasant",51.336452,-0.056225,1492387200000,"England","United Kingdom"
"Phasianus colchicus","Pheasant",51.688787,-0.156911,1428192000000,"England","United Kingdom"
"Phasianus colchicus","Pheasant",51.334543,-0.544397,1493856000000,"England","United Kingdom"
"Phasianus colchicus","Pheasant",51.307217,-0.516568,1676937600000,"England","United Kingdom"
"Phasianus colchicus","Pheasant",51.779402,0.071482,1242691200000,"England","United Kingdom"
"Phasianus colchicus","Pheasant",51.58287,-0.738889,1644969600000,"England","United Kingdom"
"Phasianus colchicus","Pheasant",51.74489,-0.299483,1619049600000,"England","United Kingdom"
"Phasianus colchicus","Pheasant",51.72227,-0.633324,,"England","United Kingdom"
"Phasianus colchicus","Pheasant",51.630431,-0.477152,1214006400000,"England","United Kingdom"
"Phasianus colchicus","Pheasant",51.135263,0.135434,1086998400000,"England","United Kingdom"
"Phasianus colchicus","Pheasant",51.54408,-0.782877,1273017600000,"England","United Kingdom"
"Phasianus colchicus","Pheasant",51.77604,0.006096,1436572800000,"England","United Kingdom"
"Phasianus colchicus","Pheasant",51.24393,-0.48995,1601251200000,"England","United Kingdom"
"Phasianus colchicus","Pheasant",51.80579,-0.478502,1273190400000,"England","United Kingdom"
"Phasianus colchicus","Pheasant",51.723395,0.184756,1202947200000,"England","United Kingdom"
"Phasianus colchicus","Pheasant",51.306476,-0.459205,1636588800000,"England","United Kingdom"
"Phasianus colchicus","Pheasant",51.646238,-0.317631,1186358400000,"England","United Kingdom"
"Phasianus colchicus","Pheasant",51.216135,0.139174,1549929600000,"England","United Kingdom"
"Phasianus colchicus","Pheasant",51.214533,0.225015,1166400000000,"England","United Kingdom"
"Phasianus colchicus","Pheasant",51.407662,-0.642723,1542240000000,"England","United Kingdom"
"Phasianus colchicus","Pheasant",51.271621,-0.546386,1630886400000,"England","United Kingdom"
"Phasianus colchicus","Pheasant",51.630504,0.100815,1341100800000,"England","United Kingdom"
"Phasianus colchicus","Pheasant",51.347063,-0.156295,1654041600000,"England","United Kingdom"
"Phasianus colchicus","Pheasant",51.076536,-0.109965,1526083200000,"England","United Kingdom"
"Phasianus colchicus","Pheasant",51.349234,-0.299811,1622937600000,"England","United Kingdom"
"Phasianus colchicus","Pheasant",51.838779,-0.600769,1332892800000,"England","United Kingdom"
"Phasianus colchicus","Pheasant",51.877692,-0.476076,1586822400000,"England","United Kingdom"
"Phasianus colchicus","Pheasant",51.902572,-0.031881,,"England","United Kingdom"
"Phasianus colchicus","Pheasant",51.288119,-0.431138,1173571200000,"England","United Kingdom"
"Phasianus colchicus","Pheasant",51.678003,-0.33815,1208822400000,"England","United Kingdom"
"Phasianus colchicus","Pheasant",51.784586,-0.247248,1617321600000,"England","United Kingdom"
"Phasianus colchicus","Pheasant",51.557489,-0.775307,,"England","United Kingdom"
"Phasianus colchicus","Pheasant",51.267925,-0.274143,1127001600000,"England","United Kingdom"
"Phasianus colchicus","Pheasant",51.277681,-0.037199,1303776000000,"England","United Kingdom"
"Phasianus colchicus","Pheasant",51.189954,0.095028,,"England","United Kingdom"
"Phasianus colchicus","Pheasant",51.267966,0.005393,1480118400000,"England","United Kingdom"
"Phasianus colchicus","Pheasant",51.333061,-0.429605,1523059200000,"England","United Kingdom"
"Phasianus colchicus","Pheasant",51.272147,-0.589376,1651363200000,"England","United Kingdom"
"Phasianus colchicus","Pheasant",51.273073,0.220673,1348272000000,"England","United Kingdom"
"Phasianus colchicus","Pheasant",51.217503,0.303919,1271376000000,"England","United Kingdom"
"Phasianus colchicus","Pheasant",51.798872,-0.014645,1588809600000,"England","United Kingdom"
"Phasianus colchicus","Pheasant",51.731093,-0.27828,1016668800000,"England","United Kingdom"
"Phasianus colchicus","Pheasant",51.298409,-0.531196,1588464000000,"England","United Kingdom"
"Phasianus colchicus","Pheasant",51.282942,-0.381127,1304812800000,"England","United Kingdom"
"Phasianus colchicus","Pheasant",51.563824,0.299742,,"England","United Kingdom"
"Phasianus colchicus","Pheasant",51.475641,0.208898,1310342400000,"England","United Kingdom"
"Phasianus colchicus","Pheasant",51.35638,-0.493437,1545004800000,"England","United Kingdom"
"Phasianus colchicus","Pheasant",51.908479,-0.424152,1602288000000,"England","United Kingdom"
"Phasianus colchicus","Pheasant",51.853752,-0.070314,1274227200000,"England","United Kingdom"
"Phasianus colchicus","Pheasant",51.298409,-0.531196,1616803200000,"England","United Kingdom"
"Phasianus colchicus","Pheasant",51.222291,0.046371,1245715200000,"England","United Kingdom"
"Phasianus colchicus","Pheasant",51.477295,0.569023,1081900800000,"England","United Kingdom"
"Phasianus colchicus","Pheasant",51.615039,0.208438,1214092800000,"England","United Kingdom"
"Phasianus colchicus","Pheasant",51.29104,-0.029458,,"England","United Kingdom"
"Phasianus colchicus","Pheasant",51.651951,-0.779991,1337904000000,"England","United Kingdom"
"Phasianus colchicus","Pheasant",51.779103,-0.182226,1263427200000,"England","United Kingdom"
"Phasianus colchicus","Pheasant",51.200061,-0.577266,1668211200000,"England","United Kingdom"
"Phasianus colchicus","Pheasant",51.062939,-0.103383,1271894400000,"England","United Kingdom"
"Phasianus colchicus","Pheasant",51.196563,0.224149,,"England","United Kingdom"
"Phasianus colchicus","Pheasant",51.260535,0.169902,1177200000000,"England","United Kingdom"
"Phasianus colchicus","Pheasant",51.081373,-0.131184,1244764800000,"England","United Kingdom"
"Phasianus colchicus","Pheasant",51.448768,0.430686,1227916800000,"England","United Kingdom"
"Phasianus colchicus","Pheasant",51.244881,0.040209,1492128000000,"England","United Kingdom"
"Phasianus colchicus","Pheasant",51.711135,-0.459969,,"England","United Kingdom"
"Phasianus colchicus","Pheasant",51.59597,0.265268,1495756800000,"England","United Kingdom"
"Phasianus colchicus","Pheasant",51.394867,0.427827,1556928000000,"England","United Kingdom"
"Phasianus colchicus","Pheasant",51.485666,-0.409965,1596240000000,"England","United Kingdom"
"Phasianus colchicus","Pheasant",51.080004,-0.338252,1547164800000,"England","United Kingdom"
"Phasianus colchicus","Pheasant",51.349234,-0.299811,1177718400000,"England","United Kingdom"
"Phasianus colchicus","Pheasant",51.097947,-0.04482,1213056000000,"England","United Kingdom"
"Phasianus colchicus","Pheasant",51.190897,-0.563237,1540944000000,"England","United Kingdom"
"Phasianus colchicus","Pheasant",51.888728,-0.010688,1239148800000,"England","United Kingdom"
"Phasianus colchicus","Pheasant",51.248524,0.326964,1211846400000,"England","United Kingdom"
"Phasianus colchicus","Pheasant",51.661139,-0.114656,1638403200000,"England","United Kingdom"
"Phasianus colchicus","Pheasant",51.645185,0.499001,1624060800000,"England","United Kingdom"
"Phasianus colchicus","Pheasant",51.194045,0.352844,1308614400000,"England","United Kingdom"
"Phasianus colchicus","Pheasant",51.803501,-0.659876,1483488000000,"England","United Kingdom"
"Phasianus colchicus","Pheasant",51.287224,0.185502,1247875200000,"England","United Kingdom"
"Phasianus colchicus","Pheasant",51.785688,-0.674902,1643155200000,"England","United Kingdom"
"Phasianus colchicus","Pheasant",51.785688,-0.674902,1587081600000,"England","United Kingdom"
"Phasianus colchicus","Pheasant",51.870681,0.242732,935193600000,"England","United Kingdom"
"Phasianus colchicus","Pheasant",51.838779,-0.600769,1689379200000,"England","United Kingdom"
"Phasianus colchicus","Pheasant",51.191753,-0.634764,1681776000000,"England","United Kingdom"
"Phasianus colchicus","Pheasant",51.191416,-0.606153,1460678400000,"England","United Kingdom"
"Phasianus colchicus","Pheasant",51.777253,-0.066331,1515024000000,"England","United Kingdom"
"Phasianus colchicus","Pheasant",51.332476,-0.38656,,"England","United Kingdom"
"Phasianus colchicus","Pheasant",51.273073,0.220673,1520640000000,"England","United Kingdom"
"Phasianus colchicus","Pheasant",51.828991,0.305971,1438819200000,"England","United Kingdom"
"Phasianus colchicus","Pheasant",51.284836,-0.524459,1637366400000,"England","United Kingdom"
"Phasianus colchicus","Pheasant",51.838936,-0.274169,1273449600000,"England","United Kingdom"
"Phasianus colchicus","Pheasant",51.192255,-0.327062,1214870400000,"England","United Kingdom"
"Phasianus colchicus","Pheasant",51.747762,-0.190728,1533859200000,"England","United Kingdom"
"Phasianus colchicus","Pheasant",51.28831,-0.445473,,"England","United Kingdom"
"Phasianus colchicus","Pheasant",51.446947,0.516944,1401840000000,"England","United Kingdom"
"Phasianus colchicus","Pheasant",51.273307,-0.044554,1645056000000,"England","United Kingdom"
"Phasianus colchicus","Pheasant",51.220233,0.160846,1207008000000,"England","United Kingdom"
"Phasianus colchicus","Pheasant",51.300918,-0.380494,1460246400000,"England","United Kingdom"
"Phasianus colchicus","Pheasant",51.235842,-0.561838,1492300800000,"England","United Kingdom"
"Phasianus colchicus","Pheasant",51.626031,-0.484523,1553472000000,"England","United Kingdom"
"Phasianus colchicus","Pheasant",51.22512,0.139591,1643155200000,"England","United Kingdom"
"Phasianus colchicus","Pheasant",51.206733,-0.097482,1616371200000,"England","United Kingdom"
"Phasianus colchicus","Pheasant",51.067317,-0.096067,1648857600000,"England","United Kingdom"
"Phasianus colchicus","Pheasant",51.328172,-0.099637,,"England","United Kingdom"
"Phasianus colchicus","Pheasant",51.28831,-0.445473,,"England","United Kingdom"
"Phasianus colchicus","Pheasant",51.731093,-0.27828,1555632000000,"England","United Kingdom"
"Phasianus colchicus","Pheasant",51.216135,0.139174,1557532800000,"England","United Kingdom"
"Phasianus colchicus","Pheasant",51.729788,-0.191445,,"England","United Kingdom"
"Phasianus colchicus","Pheasant",51.266122,-0.467722,1559088000000,"England","United Kingdom"
"Phasianus colchicus","Pheasant",51.704124,-0.619399,1396483200000,"England","United Kingdom"
"Phasianus colchicus","Pheasant",51.44769,-0.60556,1441152000000,"England","United Kingdom"
"Phasianus colchicus","Pheasant",51.73548,-0.270872,1139788800000,"England","United Kingdom"
"Phasianus colchicus","Pheasant",51.375779,-0.607746,1556409600000,"England","United Kingdom"
"Phasianus colchicus","Pheasant",51.902572,-0.031881,,"England","United Kingdom"
"Phasianus colchicus","Pheasant",51.62962,0.382544,,"England","United Kingdom"
"Phasianus colchicus","Pheasant",51.854939,-0.455064,,"England","United Kingdom"
"Phasianus colchicus","Pheasant",51.093094,-0.023603,1643068800000,"England","United Kingdom"
"Phasianus colchicus","Pheasant",51.399357,-0.053559,1525651200000,"England","United Kingdom"
"Phasianus colchicus","Pheasant",51.66315,0.49999,1529366400000,"England","United Kingdom"
"Phasianus colchicus","Pheasant",51.794257,-0.007597,1638403200000,"England","United Kingdom"
"Phasianus colchicus","Pheasant",51.73548,-0.270872,1145577600000,"England","United Kingdom"
"Phasianus colchicus","Pheasant",51.471284,0.201487,1522022400000,"England","United Kingdom"
"Phasianus colchicus","Pheasant",51.82619,-0.325446,1528502400000,"England","United Kingdom"
"Phasianus colchicus","Pheasant",51.470172,0.482223,1446422400000,"England","United Kingdom"
"Phasianus colchicus","Pheasant",51.770339,-0.197072,1262995200000,"England","United Kingdom"
"Phasianus colchicus","Pheasant",51.289561,0.056532,,"England","United Kingdom"
"Phasianus colchicus","Pheasant",51.471284,0.201487,1557187200000,"England","United Kingdom"
"Phasianus colchicus","Pheasant",51.252165,-0.432362,,"England","United Kingdom"
"Phasianus colchicus","Pheasant",51.23027,0.340368,,"England","United Kingdom"
"Phasianus colchicus","Pheasant",51.747762,-0.190728,1334275200000,"England","United Kingdom"
"Phasianus colchicus","Pheasant",51.262809,-0.560996,1488844800000,"England","United Kingdom"
"Phasianus colchicus","Pheasant",51.253102,-0.50398,1511222400000,"England","United Kingdom"
"Phasianus colchicus","Pheasant",51.617155,0.092976,1683504000000,"England","United Kingdom"
"Phasianus colchicus","Pheasant",51.655432,-0.331747,1579996800000,"England","United Kingdom"
"Phasianus colchicus","Pheasant",51.858557,-0.389593,297302400000,"England","United Kingdom"
"Phasianus colchicus","Pheasant",51.161695,0.16526,1675900800000,"England","United Kingdom"
"Phasianus colchicus","Pheasant",51.170415,0.179974,1366416000000,"England","United Kingdom"
"Phasianus colchicus","Pheasant",51.577941,-0.594362,1599782400000,"England","United Kingdom"
"Phasianus colchicus","Pheasant",51.73548,-0.270872,1206576000000,"England","United Kingdom"
"Phasianus colchicus","Pheasant",51.791331,-0.671344,1555545600000,"England","United Kingdom"
"Phasianus colchicus","Pheasant",51.45277,0.229384,1475798400000,"England","United Kingdom"
"Phasianus colchicus","Pheasant",51.382784,-0.140489,1456790400000,"England","United Kingdom"
"Phasianus colchicus","Pheasant",51.5677,-0.493677,1586995200000,"England","United Kingdom"
"Phasianus colchicus","Pheasant",51.283307,0.386086,1178409600000,"England","United Kingdom"
"Phasianus colchicus","Pheasant",51.241791,-0.332429,,"England","United Kingdom"
"Phasianus colchicus","Pheasant",51.468312,0.568518,767750400000,"England","United Kingdom"
"Phasianus colchicus","Pheasant",51.554125,-0.486914,1492992000000,"England","United Kingdom"
"Phasianus colchicus","Pheasant",51.253102,-0.50398,1653609600000,"England","United Kingdom"
"Phasianus colchicus","Pheasant",51.429367,-0.577348,1456099200000,"England","United Kingdom"
"Phasianus colchicus","Pheasant",51.23027,0.340368,,"England","United Kingdom"
"Phasianus colchicus","Pheasant",51.847062,-0.542441,1683158400000,"England","United Kingdom"
"Phasianus colchicus","Pheasant",51.093094,-0.023603,1253059200000,"England","United Kingdom"
"Phasianus colchicus","Pheasant",51.639921,-0.195023,1206835200000,"England","United Kingdom"
"Phasianus colchicus","Pheasant",51.643823,0.347152,,"England","United Kingdom"
"Phasianus colchicus","Pheasant",51.116767,0.163159,1650585600000,"England","United Kingdom"
"Phasianus colchicus","Pheasant",51.838074,-0.542732,1477440000000,"England","United Kingdom"
"Phasianus colchicus","Pheasant",51.933826,-0.306896,,"England","United Kingdom"
"Phasianus colchicus","Pheasant",51.289561,0.056532,,"England","United Kingdom"
"Phasianus colchicus","Pheasant",51.648219,-0.462102,1328227200000,"England","United Kingdom"
"Phasianus colchicus","Pheasant",51.216135,0.139174,1230595200000,"England","United Kingdom"
"Phasianus colchicus","Pheasant",51.555896,-0.631103,1238976000000,"England","United Kingdom"
"Phasianus colchicus","Pheasant",51.678644,-0.085,1688947200000,"England","United Kingdom"
"Phasianus colchicus","Pheasant",51.220758,0.132228,1547942400000,"England","United Kingdom"
"Phasianus colchicus","Pheasant",51.200061,-0.577266,1548806400000,"England","United Kingdom"
"Phasianus colchicus","Pheasant",51.433319,0.523389,1430179200000,"England","United Kingdom"
"Phasianus colchicus","Pheasant",51.318358,0.430961,1396742400000,"England","United Kingdom"
"Phasianus colchicus","Pheasant",51.240961,-0.275153,770083200000,"England","United Kingdom"
"Phasianus colchicus","Pheasant",51.0800915,-0.3325647,1673654400000,"England","United Kingdom"
"Phasianus colchicus","Pheasant",51.704124,-0.619399,1449187200000,"England","United Kingdom"
"Phasianus colchicus","Pheasant",51.303015,-0.215444,1505260800000,"England","United Kingdom"
"Phasianus colchicus","Pheasant",51.712691,-0.250028,1533686400000,"England","United Kingdom"
"Phasianus colchicus","Pheasant",51.71091,-0.134299,1203811200000,"England","United Kingdom"
"Phasianus colchicus","Pheasant",51.924204,-0.263629,1452470400000,"England","United Kingdom"
"Phasianus colchicus","Pheasant",51.217503,0.303919,1261699200000,"England","United Kingdom"
"Phasianus colchicus","Pheasant",51.236144,0.025497,1541289600000,"England","United Kingdom"
"Phasianus colchicus","Pheasant",51.798872,-0.014645,1520208000000,"England","United Kingdom"
"Phasianus colchicus","Pheasant",51.49361,0.209766,1489190400000,"England","United Kingdom"
"Phasianus colchicus","Pheasant",51.298847,-0.237123,1291507200000,"England","United Kingdom"
"Phasianus colchicus","Pheasant",51.394867,0.427827,1266364800000,"England","United Kingdom"
"Phasianus colchicus","Pheasant",51.77604,0.006096,1643414400000,"England","United Kingdom"
"Phasianus colchicus","Pheasant",51.289242,0.135657,1456617600000,"England","United Kingdom"
"Phasianus colchicus","Pheasant",51.383857,0.30508,893980800000,"England","United Kingdom"
"Phasianus colchicus","Pheasant",51.236636,-0.003132,1548028800000,"England","United Kingdom"
"Phasianus colchicus","Pheasant",51.561803,0.400639,1395792000000,"England","United Kingdom"
"Phasianus colchicus","Pheasant",51.713386,-0.011154,1675641600000,"England","United Kingdom"
"Phasianus colchicus","Pheasant",51.416314,-0.613705,1647561600000,"England","United Kingdom"
"Phasianus colchicus","Pheasant",51.466135,0.460406,1543968000000,"England","United Kingdom"
"Phasianus colchicus","Pheasant",51.234941,-0.490245,1085011200000,"England","United Kingdom"
"Phasianus colchicus","Pheasant",51.621814,-0.506332,1683417600000,"England","United Kingdom"
"Phasianus colchicus","Pheasant",51.877692,-0.476076,1649894400000,"England","United Kingdom"
"Phasianus colchicus","Pheasant",51.557786,-0.804149,1202860800000,"England","United Kingdom"
"Phasianus colchicus","Pheasant",51.742352,0.366742,1214611200000,"England","United Kingdom"
"Phasianus colchicus","Pheasant",51.126515,-0.45091,1051142400000,"England","United Kingdom"
"Phasianus colchicus","Pheasant",51.216135,0.139174,1490572800000,"England","United Kingdom"
"Phasianus colchicus","Pheasant",51.709561,-0.344231,1557619200000,"England","United Kingdom"
"Phasianus colchicus","Pheasant",51.206836,-0.40527,,"England","United Kingdom"
"Phasianus colchicus","Pheasant",51.46633,0.4880817,1680825600000,"England","United Kingdom"
"Phasianus colchicus","Pheasant",51.181553,-0.534912,,"England","United Kingdom"
"Phasianus colchicus","Pheasant",51.448768,0.430686,1431648000000,"England","United Kingdom"
"Phasianus colchicus","Pheasant",51.403574,-0.326551,1684281600000,"England","United Kingdom"
"Phasianus colchicus","Pheasant",51.84576,-0.440861,1051056000000,"England","United Kingdom"
"Phasianus colchicus","Pheasant",51.789614,-0.283302,1688256000000,"England","United Kingdom"
"Phasianus colchicus","Pheasant",51.160488,-0.306759,,"England","United Kingdom"
"Phasianus colchicus","Pheasant",51.507223,0.20322,1652832000000,"England","United Kingdom"
"Phasianus colchicus","Pheasant",51.915642,-0.29304,897091200000,"England","United Kingdom"
"Phasianus colchicus","Pheasant",51.787864,-0.167374,1233360000000,"England","United Kingdom"
"Phasianus colchicus","Pheasant",51.634081,0.151559,1327276800000,"England","United Kingdom"
"Phasianus colchicus","Pheasant",51.302813,-0.523882,1600819200000,"England","United Kingdom"
"Phasianus colchicus","Pheasant",51.282942,-0.381127,1366416000000,"England","United Kingdom"
"Phasianus colchicus","Pheasant",51.873663,-0.512529,1207872000000,"England","United Kingdom"
"Phasianus colchicus","Pheasant",51.879055,-0.25084,,"England","United Kingdom"
"Phasianus colchicus","Pheasant",51.698668,-0.539979,1230249600000,"England","United Kingdom"
"Phasianus colchicus","Pheasant",51.394867,0.427827,1651449600000,"England","United Kingdom"
"Phasianus colchicus","Pheasant",51.269558,-0.388765,,"England","United Kingdom"
"Phasianus colchicus","Pheasant",51.261572,-0.152551,1455408000000,"England","United Kingdom"
"Phasianus colchicus","Pheasant",51.829962,-0.615554,1114732800000,"England","United Kingdom"
"Phasianus colchicus","Pheasant",51.295923,-0.344812,1428019200000,"England","United Kingdom"
"Phasianus colchicus","Pheasant",51.272989,-0.66103,1684627200000,"England","United Kingdom"
"Phasianus colchicus","Pheasant",51.621814,-0.506332,1237939200000,"England","United Kingdom"
"Phasianus colchicus","Pheasant",51.268471,-0.014769,1555027200000,"England","United Kingdom"
"Phasianus colchicus","Pheasant",51.096483,0.040811,1451520000000,"England","United Kingdom"
"Phasianus colchicus","Pheasant",51.798872,-0.014645,1132531200000,"England","United Kingdom"
"Phasianus colchicus","Pheasant",51.44769,-0.60556,1559174400000,"England","United Kingdom"
"Phasianus colchicus","Pheasant",51.681769,-0.287384,1463961600000,"England","United Kingdom"
"Phasianus colchicus","Pheasant",51.21503,-0.347714,1571270400000,"England","United Kingdom"
"Phasianus colchicus","Pheasant",51.39306,-0.549727,1273449600000,"England","United Kingdom"
"Phasianus colchicus","Pheasant",51.298588,-0.545534,,"England","United Kingdom"
"Phasianus colchicus","Pheasant",51.263595,-0.001964,,"England","United Kingdom"
"Phasianus colchicus","Pheasant",51.933826,-0.306896,,"England","United Kingdom"
"Phasianus colchicus","Pheasant",51.812957,-0.050296,1128384000000,"England","United Kingdom"
"Phasianus colchicus","Pheasant",51.272812,0.047525,1608076800000,"England","United Kingdom"
"Phasianus colchicus","Pheasant",51.692938,-0.135038,1291507200000,"England","United Kingdom"
"Phasianus colchicus","Pheasant",51.305903,-0.416185,1413504000000,"England","United Kingdom"
"Phasianus colchicus","Pheasant",51.153271,-0.128281,1289606400000,"England","United Kingdom"
"Phasianus colchicus","Pheasant",51.091108,0.090557,,"England","United Kingdom"
"Phasianus colchicus","Pheasant",51.924204,-0.263629,1459987200000,"England","United Kingdom"
"Phasianus colchicus","Pheasant",51.214639,-0.669882,1642032000000,"England","United Kingdom"
"Phasianus colchicus","Pheasant",51.705426,0.18389,1243641600000,"England","United Kingdom"
"Phasianus colchicus","Pheasant",51.554125,-0.486914,1517011200000,"England","United Kingdom"
"Phasianus colchicus","Pheasant",51.349234,-0.299811,1556409600000,"England","United Kingdom"
"Phasianus colchicus","Pheasant",51.566946,-0.435988,1618704000000,"England","United Kingdom"
"Phasianus colchicus","Pheasant",51.084396,-0.330956,1265932800000,"England","United Kingdom"
"Phasianus colchicus","Pheasant",51.214639,-0.669882,1633219200000,"England","United Kingdom"
"Phasianus colchicus","Pheasant",51.759333,0.18649,1275264000000,"England","United Kingdom"
"Phasianus colchicus","Pheasant",51.635126,0.093803,1655078400000,"England","United Kingdom"
"Phasianus colchicus","Pheasant",51.412766,-0.340595,1152576000000,"England","United Kingdom"
"Phasianus colchicus","Pheasant",51.631699,-0.578252,860112000000,"England","United Kingdom"
"Phasianus colchicus","Pheasant",51.191416,-0.606153,1565395200000,"England","United Kingdom"
"Phasianus colchicus","Pheasant",51.215231,-0.362025,,"England","United Kingdom"
"Phasianus colchicus","Pheasant",51.507223,0.20322,1100131200000,"England","United Kingdom"
"Phasianus colchicus","Pheasant",51.183221,0.216352,1076371200000,"England","United Kingdom"
"Phasianus colchicus","Pheasant",51.216135,0.139174,1299196800000,"England","United Kingdom"
"Phasianus colchicus","Pheasant",51.67766,-0.663594,,"England","United Kingdom"
"Phasianus colchicus","Pheasant",51.712691,-0.250028,1619308800000,"England","United Kingdom"
"Phasianus colchicus","Pheasant",51.688787,-0.156911,1398556800000,"England","United Kingdom"
"Phasianus colchicus","Pheasant",51.217329,-0.519458,,"England","United Kingdom"
"Phasianus colchicus","Pheasant",51.102373,-0.330308,1308960000000,"England","United Kingdom"
"Phasianus colchicus","Pheasant",51.36221,-0.600975,,"England","United Kingdom"
"Phasianus colchicus","Pheasant",51.300267,-0.043408,,"England","United Kingdom"
"Phasianus colchicus","Pheasant",51.948222,-0.073537,1492819200000,"England","United Kingdom"
"Phasianus colchicus","Pheasant",51.767547,-0.660941,1490659200000,"England","United Kingdom"
"Phasianus colchicus","Pheasant",51.799358,-0.043631,1213488000000,"England","United Kingdom"
"Phasianus colchicus","Pheasant",51.674033,-0.077963,1144800000000,"England","United Kingdom"
"Phasianus colchicus","Pheasant",51.257219,0.10525,1209340800000,"England","United Kingdom"
"Phasianus colchicus","Pheasant",51.832796,-0.165551,,"England","United Kingdom"
"Phasianus colchicus","Pheasant",51.858835,-0.106403,1667347200000,"England","United Kingdom"
"Phasianus colchicus","Pheasant",51.588256,-0.709523,,"England","United Kingdom"
"Phasianus colchicus","Pheasant",51.64603,-0.303185,1495497600000,"England","United Kingdom"
"Phasianus colchicus","Pheasant",51.395193,-0.36998,1135987200000,"England","United Kingdom"
"Phasianus colchicus","Pheasant",51.673073,-0.020152,1304899200000,"England","United Kingdom"
"Phasianus colchicus","Pheasant",51.272492,0.05349,1540425600000,"England","United Kingdom"
"Phasianus colchicus","Pheasant",51.807237,0.268594,1337731200000,"England","United Kingdom"
"Phasianus colchicus","Pheasant",51.550094,0.529848,1491609600000,"England","United Kingdom"
"Phasianus colchicus","Pheasant",51.695415,-0.011942,1579478400000,"England","United Kingdom"
"Phasianus colchicus","Pheasant",51.647382,-0.772886,1260230400000,"England","United Kingdom"
"Phasianus colchicus","Pheasant",51.702071,0.357403,1198713600000,"England","United Kingdom"
"Phasianus colchicus","Pheasant",51.870681,0.242732,990921600000,"England","United Kingdom"
"Phasianus colchicus","Pheasant",51.66315,0.49999,1620345600000,"England","United Kingdom"
"Phasianus colchicus","Pheasant",51.77604,0.006096,1437609600000,"England","United Kingdom"
"Phasianus colchicus","Pheasant",51.767041,-0.276912,1575158400000,"England","United Kingdom"
"Phasianus colchicus","Pheasant",51.278506,0.170749,1556236800000,"England","United Kingdom"
"Phasianus colchicus","Pheasant",51.399357,-0.053559,597715200000,"England","United Kingdom"
"Phasianus colchicus","Pheasant",51.283307,0.386086,867283200000,"England","United Kingdom"
"Phasianus colchicus","Pheasant",51.433129,0.314753,1458345600000,"England","United Kingdom"
"Phasianus colchicus","Pheasant",51.810377,-0.485601,,"England","United Kingdom"
"Phasianus colchicus","Pheasant",51.179477,-0.3776,1210464000000,"England","United Kingdom"
"Phasianus colchicus","Pheasant",51.213631,-0.584006,1300320000000,"England","United Kingdom"
"Phasianus colchicus","Pheasant",51.609864,0.468172,1307318400000,"England","United Kingdom"
"Phasianus colchicus","Pheasant",51.711815,-0.192162,1667433600000,"England","United Kingdom"
"Phasianus colchicus","Pheasant",51.861721,-0.295082,1524355200000,"England","United Kingdom"
"Phasianus colchicus","Pheasant",51.306476,-0.459205,1342915200000,"England","United Kingdom"
"Phasianus colchicus","Pheasant",51.786257,-0.363172,1345507200000,"England","United Kingdom"
"Phasianus colchicus","Pheasant",51.787436,-0.450122,1243728000000,"England","United Kingdom"
"Phasianus colchicus","Pheasant",51.711135,-0.459969,,"England","United Kingdom"
"Phasianus colchicus","Pheasant",51.263595,-0.001964,,"England","United Kingdom"
"Phasianus colchicus","Pheasant",51.694084,-0.532892,1146873600000,"England","United Kingdom"
"Phasianus colchicus","Pheasant",51.484353,0.223722,1653696000000,"England","United Kingdom"
"Phasianus colchicus","Pheasant",51.72393,0.155822,1214697600000,"England","United Kingdom"
"Phasianus colchicus","Pheasant",51.503553,-0.776753,1195257600000,"England","United Kingdom"
"Phasianus colchicus","Pheasant",51.691175,-0.315965,1177113600000,"England","United Kingdom"
"Phasianus colchicus","Pheasant",51.577442,0.293213,1524787200000,"England","United Kingdom"
"Phasianus colchicus","Pheasant",51.216135,0.139174,1191456000000,"England","United Kingdom"
"Phasianus colchicus","Pheasant",51.892857,-0.272104,1295913600000,"England","United Kingdom"
"Phasianus colchicus","Pheasant",51.695637,-0.663064,1548720000000,"England","United Kingdom"
"Phasianus colchicus","Pheasant",51.302575,-0.18677,1434499200000,"England","United Kingdom"
"Phasianus colchicus","Pheasant",51.728883,-0.133559,1129766400000,"England","United Kingdom"
"Phasianus colchicus","Pheasant",51.642699,-0.086515,1271116800000,"England","United Kingdom"
"Phasianus colchicus","Pheasant",51.621814,-0.506332,1256947200000,"England","United Kingdom"
"Phasianus colchicus","Pheasant",51.569124,-0.609063,,"England","United Kingdom"
"Phasianus colchicus","Pheasant",51.77604,0.006096,1366416000000,"England","United Kingdom"
"Phasianus colchicus","Pheasant",51.093094,-0.023603,1671494400000,"England","United Kingdom"
"Phasianus colchicus","Pheasant",51.809944,0.123657,,"England","United Kingdom"
"Phasianus colchicus","Pheasant",51.807237,0.268594,1285977600000,"England","United Kingdom"
"Phasianus colchicus","Pheasant",51.301275,0.387018,,"England","United Kingdom"
"Phasianus colchicus","Pheasant",51.302813,-0.523882,1210032000000,"England","United Kingdom"
"Phasianus colchicus","Pheasant",51.94361,-0.06646,1210118400000,"England","United Kingdom"
"Phasianus colchicus","Pheasant",51.72227,-0.633324,,"England","United Kingdom"
"Phasianus colchicus","Pheasant",51.298228,-0.516858,1555632000000,"England","United Kingdom"
"Phasianus colchicus","Pheasant",51.201888,-0.076209,1626566400000,"England","United Kingdom"
"Phasianus colchicus","Pheasant",51.622388,-0.224612,1201305600000,"England","United Kingdom"
"Phasianus colchicus","Pheasant",51.669626,-0.750594,,"England","United Kingdom"
"Phasianus colchicus","Pheasant",51.819918,-0.528808,1306713600000,"England","United Kingdom"
"Phasianus colchicus","Pheasant",51.0798,-0.323983,1655078400000,"England","United Kingdom"
"Phasianus colchicus","Pheasant",51.462873,-0.756248,1110499200000,"England","United Kingdom"
"Phasianus colchicus","Pheasant",51.66459,0.203616,1587600000000,"England","United Kingdom"
"Phasianus colchicus","Pheasant",51.273073,0.220673,1527033600000,"England","United Kingdom"
"Phasianus colchicus","Pheasant",51.093094,-0.023603,1634083200000,"England","United Kingdom"
"Phasianus colchicus","Pheasant",51.542617,0.233773,1492473600000,"England","United Kingdom"
"Phasianus colchicus","Pheasant",51.273073,0.220673,1149033600000,"England","United Kingdom"
"Phasianus colchicus","Pheasant",51.249649,0.2697,1205366400000,"England","United Kingdom"
"Phasianus colchicus","Pheasant",51.71032,0.162413,1025136000000,"England","United Kingdom"
"Phasianus colchicus","Pheasant",51.253102,-0.50398,1576800000000,"England","United Kingdom"
"Phasianus colchicus","Pheasant",51.915642,-0.29304,1621814400000,"England","United Kingdom"
"Phasianus colchicus","Pheasant",51.253102,-0.50398,1517184000000,"England","United Kingdom"
"Phasianus colchicus","Pheasant",51.253102,-0.50398,1517961600000,"England","United Kingdom"
"Phasianus colchicus","Pheasant",51.257731,0.076609,1255392000000,"England","United Kingdom"
"Phasianus colchicus","Pheasant",51.554125,-0.486914,1145577600000,"England","United Kingdom"
"Phasianus colchicus","Pheasant",51.49361,0.209766,1521936000000,"England","United Kingdom"
"Phasianus colchicus","Pheasant",51.276044,0.299678,1212796800000,"England","United Kingdom"
"Phasianus colchicus","Pheasant",51.801736,0.079758,1398384000000,"England","United Kingdom"
"Phasianus colchicus","Pheasant",51.794728,0.217207,1307750400000,"England","United Kingdom"
"Phasianus colchicus","Pheasant",51.759731,0.396634,1462492800000,"England","United Kingdom"
"Phasianus colchicus","Pheasant",51.296914,-0.416495,,"England","United Kingdom"
"Phasianus colchicus","Pheasant",51.298941,-0.574211,,"England","United Kingdom"
"Phasianus colchicus","Pheasant",51.307217,-0.516568,1595203200000,"England","United Kingdom"
"Phasianus colchicus","Pheasant",51.139519,-0.414738,1214611200000,"England","United Kingdom"
"Phasianus colchicus","Pheasant",51.23027,0.340368,1223078400000,"England","United Kingdom"
"Phasianus colchicus","Pheasant",51.191416,-0.606153,1489017600000,"England","United Kingdom"
"Phasianus colchicus","Pheasant",51.475641,0.208898,1276819200000,"England","United Kingdom"
"Phasianus colchicus","Pheasant",51.273073,0.220673,1418774400000,"England","United Kingdom"
"Phasianus colchicus","Pheasant",51.284836,-0.524459,1486339200000,"England","United Kingdom"
"Phasianus colchicus","Pheasant",51.253102,-0.50398,1539302400000,"England","United Kingdom"
"Phasianus colchicus","Pheasant",51.685629,-0.576563,1552694400000,"England","United Kingdom"
"Phasianus colchicus","Pheasant",51.77604,0.006096,1679616000000,"England","United Kingdom"
"Phasianus colchicus","Pheasant",51.287756,0.156843,1464912000000,"England","United Kingdom"
"Phasianus colchicus","Pheasant",51.459644,0.553634,1464480000000,"England","United Kingdom"
"Phasianus colchicus","Pheasant",51.443916,-0.317882,1228867200000,"England","United Kingdom"
"Phasianus colchicus","Pheasant",51.459956,0.539255,1529971200000,"England","United Kingdom"
"Phasianus colchicus","Pheasant",51.16393,-0.564075,1118102400000,"England","United Kingdom"
"Phasianus colchicus","Pheasant",51.50393,0.138217,1226361600000,"England","United Kingdom"
"Phasianus colchicus","Pheasant",51.497882,-0.668858,1146182400000,"England","United Kingdom"
"Phasianus colchicus","Pheasant",51.690444,0.262748,830736000000,"England","United Kingdom"
"Phasianus colchicus","Pheasant",51.450202,-0.835744,1307318400000,"England","United Kingdom"
"Phasianus colchicus","Pheasant",51.712691,-0.250028,1626480000000,"England","United Kingdom"
"Phasianus colchicus","Pheasant",51.838779,-0.600769,1523145600000,"England","United Kingdom"
"Phasianus colchicus","Pheasant",51.464292,0.546695,1369180800000,"England","United Kingdom"
"Phasianus colchicus","Pheasant",51.200061,-0.577266,1605052800000,"England","United Kingdom"
"Phasianus colchicus","Pheasant",51.079493,-0.017045,1304899200000,"England","United Kingdom"
"Phasianus colchicus","Pheasant",51.248145,-0.46832,1214784000000,"England","United Kingdom"
"Phasianus colchicus","Pheasant",51.642811,-0.765784,,"England","United Kingdom"
"Phasianus colchicus","Pheasant",51.77604,0.006096,1672963200000,"England","United Kingdom"
"Phasianus colchicus","Pheasant",51.101594,0.005327,1614988800000,"England","United Kingdom"
"Phasianus colchicus","Pheasant",51.188118,0.19512,1436400000000,"England","United Kingdom"
"Phasianus colchicus","Pheasant",51.49361,0.209766,1672617600000,"England","United Kingdom"
"Phasianus colchicus","Pheasant",51.216402,-0.447895,1418083200000,"England","United Kingdom"
"Phasianus colchicus","Pheasant",51.85166,-0.222863,932947200000,"England","United Kingdom"
"Phasianus colchicus","Pheasant",51.097466,-0.016276,1524528000000,"England","United Kingdom"
"Phasianus colchicus","Pheasant",51.674965,-0.135777,1660262400000,"England","United Kingdom"
"Phasianus colchicus","Pheasant",51.537987,0.240757,1590105600000,"England","United Kingdom"
"Phasianus colchicus","Pheasant",51.879055,-0.25084,,"England","United Kingdom"
"Phasianus colchicus","Pheasant",51.811986,-0.616105,923788800000,"England","United Kingdom"
"Phasianus colchicus","Pheasant",51.449947,0.373176,1175644800000,"England","United Kingdom"
"Phasianus colchicus","Pheasant",51.099838,0.105234,1397347200000,"England","United Kingdom"
"Phasianus colchicus","Pheasant",51.691381,-0.330426,1651017600000,"England","United Kingdom"
"Phasianus colchicus","Pheasant",51.73623,0.446085,1214697600000,"England","United Kingdom"
"Phasianus colchicus","Pheasant",51.470172,0.482223,1691366400000,"England","United Kingdom"
"Phasianus colchicus","Pheasant",51.287224,0.185502,1387238400000,"England","United Kingdom"
"Phasianus colchicus","Pheasant",51.266122,-0.467722,1646179200000,"England","United Kingdom"
"Phasianus colchicus","Pheasant",51.25382,-0.561277,1548720000000,"England","United Kingdom"
"Phasianus colchicus","Pheasant",51.332078,-0.063587,1458432000000,"England","United Kingdom"
"Phasianus colchicus","Pheasant",51.217503,0.303919,1018915200000,"England","United Kingdom"
"Phasianus colchicus","Pheasant",51.093094,-0.023603,1496016000000,"England","United Kingdom"
"Phasianus colchicus","Pheasant",51.731093,-0.27828,1553990400000,"England","United Kingdom"
"Phasianus colchicus","Pheasant",51.062473,-0.074859,1241395200000,"England","United Kingdom"
"Phasianus colchicus","Pheasant",51.785436,-0.305208,1616371200000,"England","United Kingdom"
"Phasianus colchicus","Pheasant",51.637863,-0.361295,1117324800000,"England","United Kingdom"
"Phasianus colchicus","Pheasant",51.731093,-0.27828,1682467200000,"England","United Kingdom"
"Phasianus colchicus","Pheasant",51.560306,-0.623758,961200000000,"England","United Kingdom"
"Phasianus colchicus","Pheasant",51.243598,-0.153271,1510099200000,"England","United Kingdom"
"Phasianus colchicus","Pheasant",51.500368,0.325364,1687564800000,"England","United Kingdom"
"Phasianus colchicus","Pheasant",51.879055,-0.25084,,"England","United Kingdom"
"Phasianus colchicus","Pheasant",51.688329,-0.127994,1024099200000,"England","United Kingdom"
"Phasianus colchicus","Pheasant",51.279034,0.142095,,"England","United Kingdom"
"Phasianus colchicus","Pheasant",51.357801,-0.608291,1647907200000,"England","United Kingdom"
"Phasianus colchicus","Pheasant",51.074634,0.004161,1371686400000,"England","United Kingdom"
"Phasianus colchicus","Pheasant",51.616111,0.150709,1331683200000,"England","United Kingdom"
"Phasianus colchicus","Pheasant",51.260654,-0.095256,1491350400000,"England","United Kingdom"
"Phasianus colchicus","Pheasant",51.349234,-0.299811,1367107200000,"England","United Kingdom"
"Phasianus colchicus","Pheasant",51.095473,0.097895,1486425600000,"England","United Kingdom"
"Phasianus colchicus","Pheasant",51.284836,-0.524459,1584057600000,"England","United Kingdom"
"Phasianus colchicus","Pheasant",51.216395,0.124867,1481068800000,"England","United Kingdom"